txn_id,txn_date,amount,direction,description,reference,bank_type_code,running_balance
BT-000009,2026-07-01,772.90,debit,CHECK PAID 4110,4110,CHK,509275.90
BT-000013,2026-07-01,2374.65,credit,ACH DEP TIMPANOGOS COFFEE INV8915,INV8915,ACH-CR,511650.55
BT-000031,2026-07-01,6096.40,debit,CHECK PAID 4121,4121,CHK,505554.15
BT-000045,2026-07-01,2970.50,credit,ACH DEP RED BUTTE DINER INV8250,INV8250,ACH-CR,508524.65
BT-000046,2026-07-01,4492.50,debit,CHECK PAID 4130,4130,CHK,504032.15
BT-000052,2026-07-01,1999.40,credit,ACH DEP PARK CITY MARKET INV8575,INV8575,ACH-CR,506031.55
BT-000079,2026-07-01,1742.80,debit,CHECK PAID 4148,4148,CHK,504288.75
BT-000091,2026-07-01,2803.85,credit,ACH DEP BEARCLAW BAKERY INV8760,INV8760,ACH-CR,507092.60
BT-000092,2026-07-01,2803.50,debit,CHECK PAID 4156,4156,CHK,504289.10
BT-000107,2026-07-01,1564.05,debit,CHECK PAID 4163,4163,CHK,502725.05
BT-000133,2026-07-01,2937.45,debit,CHECK PAID 4171,4171,CHK,499787.60
BT-000134,2026-07-01,2937.45,credit,ACH DEP SNOWBASIN CATERING INV8513,INV8513,ACH-CR,502725.05
BT-000135,2026-07-01,7269.15,credit,ACH DEP LOGAN CANYON CAFE INV8491,INV8491,ACH-CR,509994.20
BT-000144,2026-07-01,1476.50,credit,ACH DEP HEBER VALLEY FOODS INV8891,INV8891,ACH-CR,511470.70
BT-000171,2026-07-01,5919.80,debit,CHECK PAID 4190,4190,CHK,505550.90
BT-000273,2026-07-01,5956.90,credit,ACH DEP BONNEVILLE BAGELS INV8655,INV8655,ACH-CR,511507.80
BT-000276,2026-07-01,8075.00,credit,ACH DEP EMIGRATION KITCHEN INV8955,INV8955,ACH-CR,519582.80
BT-000288,2026-07-01,235.05,credit,ACH DEP BEARCLAW BAKERY INV8333,INV8333,ACH-CR,519817.85
BT-000410,2026-07-01,2624.05,credit,DEPOSIT ZION CLD STRG,,ACH-CR,522441.90
BT-000004,2026-07-02,291.35,debit,CHECK PAID 4101,4101,CHK,522150.55
BT-000006,2026-07-02,4020.20,debit,CHECK PAID 4111,4111,CHK,518130.35
BT-000026,2026-07-02,6730.55,debit,CHECK PAID 4119,4119,CHK,511399.80
BT-000034,2026-07-02,7628.00,debit,CHECK PAID 4123,4123,CHK,503771.80
BT-000060,2026-07-02,6832.65,credit,ACH DEP SNOWBASIN CATERING INV8741,INV8741,ACH-CR,510604.45
BT-000077,2026-07-02,3618.70,debit,CHECK PAID 4146,4146,CHK,506985.75
BT-000093,2026-07-02,7662.15,debit,CHECK PAID 4157,4157,CHK,499323.60
BT-000095,2026-07-02,2368.95,credit,ACH DEP REDROCK PROVISIONS INV8458,INV8458,ACH-CR,501692.55
BT-000111,2026-07-02,4910.30,credit,ACH DEP BEARCLAW BAKERY INV8438,INV8438,ACH-CR,506602.85
BT-000115,2026-07-02,2382.60,credit,ACH DEP COTTONWOOD CATERING INV8693,INV8693,ACH-CR,508985.45
BT-000181,2026-07-02,3965.75,debit,CHECK PAID 4196,4196,CHK,505019.70
BT-000182,2026-07-02,3965.40,credit,ACH DEP PARK CITY MARKET INV8280,INV8280,ACH-CR,508985.10
BT-000201,2026-07-02,2015.25,debit,CHECK PAID 4205,4205,CHK,506969.85
BT-000217,2026-07-02,6294.55,debit,CHECK PAID 4212,4212,CHK,500675.30
BT-000255,2026-07-02,5427.95,credit,ACH DEP ALTA VISTA BISTRO INV8350,INV8350,ACH-CR,506103.25
BT-000307,2026-07-02,7827.35,debit,CHECK PAID 4255,4255,CHK,498275.90
BT-000349,2026-07-02,6230.50,credit,ACH CREDIT JUNIPER TABLE INV8130,INV8130,ACH-CR,504506.40
BT-000387,2026-07-02,7866.50,credit,ACH CREDIT PARK CITY MARKET INV8354,INV8354,ACH-CR,512372.90
BT-000399,2026-07-02,282.95,credit,ACH DEP EMIGRTN KTCHN,,ACH-CR,512655.85
BT-000419,2026-07-02,3531.20,credit,REMOTE DEP LOGAN CYN CAFE,,ACH-CR,516187.05
BT-000421,2026-07-02,762.15,credit,REMOTE DEP MOAB TRDG POST,,ACH-CR,516949.20
BT-000433,2026-07-02,5542.40,credit,REMOTE DEP BATCH 619,,DEP,522491.60
BT-000002,2026-07-03,5445.70,debit,CHECK PAID 4103,4103,CHK,517045.90
BT-000030,2026-07-03,7976.85,credit,ACH DEP BRIGHTON BISTRO INV8898,INV8898,ACH-CR,525022.75
BT-000036,2026-07-03,2540.25,credit,ACH DEP COPPER RIDGE MARKET INV8587,INV8587,ACH-CR,527563.00
BT-000042,2026-07-03,2414.10,debit,CHECK PAID 4129,4129,CHK,525148.90
BT-000056,2026-07-03,17750.10,credit,ACH DEP TIMPANOGOS COFFEE INV8349,INV8349,ACH-CR,542899.00
BT-000059,2026-07-03,292.65,debit,CHECK PAID 4136,4136,CHK,542606.35
BT-000108,2026-07-03,2498.10,credit,ACH DEP MOAB TRADING POST INV8205,INV8205,ACH-CR,545104.45
BT-000120,2026-07-03,6916.75,credit,ACH DEP OGDEN STREET FOODS INV8682,INV8682,ACH-CR,552021.20
BT-000125,2026-07-03,7434.35,credit,ACH DEP TIMPANOGOS COFFEE INV8062,INV8062,ACH-CR,559455.55
BT-000126,2026-07-03,1919.15,credit,ACH DEP MOAB TRADING POST INV8799,INV8799,ACH-CR,561374.70
BT-000191,2026-07-03,985.40,debit,CHECK PAID 4200,4200,CHK,560389.30
BT-000194,2026-07-03,3909.20,credit,ACH DEP LOGAN CANYON CAFE INV8572,INV8572,ACH-CR,564298.50
BT-000204,2026-07-03,1319.25,debit,CHECK PAID 4207,4207,CHK,562979.25
BT-000225,2026-07-03,3362.40,debit,CHECK PAID 4216,4216,CHK,559616.85
BT-000227,2026-07-03,4745.80,credit,ACH DEP OGDEN STREET FOODS INV8327,INV8327,ACH-CR,564362.65
BT-000241,2026-07-03,4402.85,debit,CHECK PAID 4223,4223,CHK,559959.80
BT-000264,2026-07-03,7927.80,credit,ACH DEP REDROCK PROVISIONS INV8674,INV8674,ACH-CR,567887.60
BT-000305,2026-07-03,2943.35,debit,CHECK PAID 4254,4254,CHK,564944.25
BT-000319,2026-07-03,3611.05,credit,ACH DEP TIMPANOGOS COFFEE INV8794,INV8794,ACH-CR,568555.30
BT-000389,2026-07-03,2566.60,credit,DEPOSIT KANAB CRK SPLY,,ACH-CR,571121.90
BT-000400,2026-07-03,3417.40,credit,ACH CREDIT PC MARKET,,ACH-CR,574539.30
BT-000003,2026-07-06,17875.30,credit,ACH DEP WASATCH DELI GROUP DEP95237,DEP95237,DEP,592414.60
BT-000008,2026-07-06,3309.65,debit,CHECK PAID 4104,4104,CHK,589104.95
BT-000033,2026-07-06,1293.65,debit,CHECK PAID 4122,4122,CHK,587811.30
BT-000038,2026-07-06,2529.20,debit,CHECK PAID 4126,4126,CHK,585282.10
BT-000040,2026-07-06,10931.90,debit,CHECK PAID 4128,4128,CHK,574350.20
BT-000049,2026-07-06,3048.20,credit,ACH DEP TIMPANOGOS COFFEE INV8299,INV8299,ACH-CR,577398.40
BT-000050,2026-07-06,3048.20,debit,CHECK PAID 4132,4132,CHK,574350.20
BT-000051,2026-07-06,8331.20,debit,CHECK PAID 4133,4133,CHK,566019.00
BT-000053,2026-07-06,5591.20,credit,ACH DEP COTTONWOOD CATERING INV8096,INV8096,ACH-CR,571610.20
BT-000063,2026-07-06,4773.00,credit,ACH DEP SNOWBASIN CATERING INV8507,INV8507,ACH-CR,576383.20
BT-000070,2026-07-06,2126.35,debit,CHECK PAID 4142,4142,CHK,574256.85
BT-000152,2026-07-06,22793.15,credit,ACH DEP PROVO PROVISIONS INV8471,INV8471,ACH-CR,597050.00
BT-000153,2026-07-06,3483.20,debit,CHECK PAID 4180,4180,CHK,593566.80
BT-000165,2026-07-06,3208.55,debit,CHECK PAID 4185,4185,CHK,590358.25
BT-000176,2026-07-06,7019.35,debit,CHECK PAID 4194,4194,CHK,583338.90
BT-000186,2026-07-06,6488.70,credit,ACH DEP REDROCK PROVISIONS INV8549,INV8549,ACH-CR,589827.60
BT-000232,2026-07-06,4891.75,debit,CHECK PAID 4220,4220,CHK,584935.85
BT-000240,2026-07-06,2498.70,debit,CHECK PAID 4222,4222,CHK,582437.15
BT-000244,2026-07-06,6366.10,credit,ACH DEP SALTAIR SUPPER CLUB INV8471,INV8471,ACH-CR,588803.25
BT-000248,2026-07-06,5278.45,credit,ACH DEP EMIGRATION KITCHEN INV8465,INV8465,ACH-CR,594081.70
BT-000290,2026-07-06,4408.35,credit,ACH DEP LAKESIDE GRILL INV8352,INV8352,ACH-CR,598490.05
BT-000294,2026-07-06,6725.05,debit,CHECK PAID 4247,4247,CHK,591765.00
BT-000300,2026-07-06,2540.60,debit,CHECK PAID 4251,4251,CHK,589224.40
BT-000345,2026-07-06,1235.45,debit,CHECK PAID 4269,4269,CHK,587988.95
BT-000373,2026-07-06,3745.15,debit,CHECK PAID 4279,4279,CHK,584243.80
BT-000377,2026-07-06,85.55,debit,CHECK PAID 4281,4281,CHK,584158.25
BT-000404,2026-07-06,4614.80,credit,ACH CREDIT PROVO PROVSNS,,ACH-CR,588773.05
BT-000415,2026-07-06,2878.30,credit,ACH CREDIT BEEHIVE PKG,,ACH-CR,591651.35
BT-000418,2026-07-06,1860.60,credit,REMOTE DEP BEEHIVE PKG,,ACH-CR,593511.95
BT-000454,2026-07-06,2287.15,debit,ACH DEBIT BEEHIVE PACKAGING,,ACH-DR,591224.80
BT-000455,2026-07-06,3325.60,debit,ACH DEBIT BEEHIVE PACKAGING,,ACH-DR,587899.20
BT-000456,2026-07-06,3694.95,debit,ACH DEBIT BEEHIVE PACKAGING,,ACH-DR,584204.25
BT-000043,2026-07-07,1249.80,credit,ACH DEP BONNEVILLE BAGELS INV8309,INV8309,ACH-CR,585454.05
BT-000055,2026-07-07,2944.25,credit,ACH DEP OGDEN STREET FOODS INV8122,INV8122,ACH-CR,588398.30
BT-000150,2026-07-07,1361.15,credit,ACH DEP ALTA VISTA BISTRO INV8623,INV8623,ACH-CR,589759.45
BT-000183,2026-07-07,4219.70,debit,CHECK PAID 4197,4197,CHK,585539.75
BT-000187,2026-07-07,4808.60,debit,CHECK PAID 4199,4199,CHK,580731.15
BT-000236,2026-07-07,3321.70,credit,ACH DEP TIMPANOGOS COFFEE INV8658,INV8658,ACH-CR,584052.85
BT-000243,2026-07-07,5983.45,debit,CHECK PAID 4224,4224,CHK,578069.40
BT-000311,2026-07-07,4380.20,credit,ACH CREDIT OGDEN STREET FOODS INV8339,INV8339,ACH-CR,582449.60
BT-000316,2026-07-07,5375.65,credit,REMOTE DEP SILVER FORK CAFE INV8242,INV8242,ACH-CR,587825.25
BT-000322,2026-07-07,6236.80,credit,REMOTE DEP PARK CITY MARKET INV8735,INV8735,ACH-CR,594062.05
BT-000333,2026-07-07,5331.75,credit,ACH DEP COTTONWOOD CATERING INV8969,INV8969,ACH-CR,599393.80
BT-000366,2026-07-07,2030.85,debit,CHECK PAID 4275,4275,CHK,597362.95
BT-000392,2026-07-07,5170.20,credit,ACH DEP KANAB CRK SPLY,,ACH-CR,602533.15
BT-000407,2026-07-07,1724.60,credit,DEPOSIT SLVR FORK CAFE,,ACH-CR,604257.75
BT-000408,2026-07-07,2206.35,credit,ACH DEP DESERET PAYRL SVC,,ACH-CR,606464.10
BT-000411,2026-07-07,743.05,credit,DEPOSIT MOAB TRDG POST,,ACH-CR,607207.15
BT-000432,2026-07-07,3591.85,credit,REMOTE DEP BATCH 471,,DEP,610799.00
BT-000463,2026-07-07,1723.95,debit,ACH DEBIT BEEHIVE PACKAGING,,ACH-DR,609075.05
BT-000464,2026-07-07,4128.30,debit,ACH DEBIT BEEHIVE PACKAGING,,ACH-DR,604946.75
BT-000465,2026-07-07,2959.85,debit,ACH DEBIT BEEHIVE PACKAGING,,ACH-DR,601986.90
BT-000007,2026-07-08,6339.50,debit,CHECK PAID 4107,4107,CHK,595647.40
BT-000054,2026-07-08,1996.20,credit,ACH DEP OGDEN STREET FOODS INV8135,INV8135,ACH-CR,597643.60
BT-000058,2026-07-08,6479.75,debit,CHECK PAID 4135,4135,CHK,591163.85
BT-000076,2026-07-08,7084.15,credit,ACH DEP PARK CITY MARKET INV8465,INV8465,ACH-CR,598248.00
BT-000078,2026-07-08,4496.55,debit,CHECK PAID 4147,4147,CHK,593751.45
BT-000129,2026-07-08,2885.25,debit,CHECK PAID 4168,4168,CHK,590866.20
BT-000151,2026-07-08,3363.60,credit,ACH DEP CANYON RIDGE GRCRY INV8119,INV8119,ACH-CR,594229.80
BT-000175,2026-07-08,837.10,credit,ACH DEP REDROCK PROVISIONS INV8554,INV8554,ACH-CR,595066.90
BT-000211,2026-07-08,6069.70,debit,CHECK PAID 4208,4208,CHK,588997.20
BT-000242,2026-07-08,3012.25,credit,ACH DEP TIMPANOGOS COFFEE INV8109,INV8109,ACH-CR,592009.45
BT-000247,2026-07-08,537.25,credit,ACH DEP PARK CITY MARKET INV8335,INV8335,ACH-CR,592546.70
BT-000265,2026-07-08,1832.80,credit,ACH DEP ALTA VISTA BISTRO INV8280,INV8280,ACH-CR,594379.50
BT-000292,2026-07-08,3543.40,debit,CHECK PAID 4245,4245,CHK,590836.10
BT-000341,2026-07-08,6718.15,credit,ACH CREDIT PARK CITY MARKET INV8027,INV8027,ACH-CR,597554.25
BT-000346,2026-07-08,3139.90,debit,CHECK PAID 4270,4270,CHK,594414.35
BT-000347,2026-07-08,3943.10,credit,ACH CREDIT WASATCH DELI GRP INV8897,INV8897,ACH-CR,598357.45
BT-000386,2026-07-08,5699.50,credit,ACH CREDIT MOAB TRADING POST INV8665,INV8665,ACH-CR,604056.95
BT-000390,2026-07-08,1404.40,credit,ACH CREDIT FREMONT SPG WTR,,ACH-CR,605461.35
BT-000439,2026-07-08,6199.65,credit,REMOTE DEP BATCH 817,,DEP,611661.00
BT-000001,2026-07-09,6268.90,debit,CHECK PAID 4108,4108,CHK,605392.10
BT-000011,2026-07-09,7675.85,credit,ACH DEP LOGAN CANYON CAFE INV8799,INV8799,ACH-CR,613067.95
BT-000015,2026-07-09,8533.85,debit,CHECK PAID 4113,4113,CHK,604534.10
BT-000094,2026-07-09,336.40,debit,CHECK PAID 4158,4158,CHK,604197.70
BT-000102,2026-07-09,5242.10,credit,ACH DEP LAKESIDE GRILL INV8629,INV8629,ACH-CR,609439.80
BT-000103,2026-07-09,5243.30,credit,ACH DEP TIMPANOGOS COFFEE INV8639,INV8639,ACH-CR,614683.10
BT-000145,2026-07-09,1313.15,credit,ACH DEP SNOWBASIN CATERING INV8518,INV8518,ACH-CR,615996.25
BT-000146,2026-07-09,1313.15,credit,ACH DEP HEBER VALLEY FOODS INV8295,INV8295,ACH-CR,617309.40
BT-000189,2026-07-09,2454.45,credit,ACH DEP OGDEN STREET FOODS INV8122,INV8122,ACH-CR,619763.85
BT-000195,2026-07-09,7776.75,credit,ACH DEP COPPER RIDGE MARKET INV8504,INV8504,ACH-CR,627540.60
BT-000230,2026-07-09,1899.75,debit,CHECK PAID 4218,4218,CHK,625640.85
BT-000257,2026-07-09,6041.45,debit,CHECK PAID 4232,4232,CHK,619599.40
BT-000299,2026-07-09,940.30,debit,CHECK PAID 4250,4250,CHK,618659.10
BT-000308,2026-07-09,3240.90,credit,ACH DEP PROVO PROVISIONS INV8676,INV8676,ACH-CR,621900.00
BT-000313,2026-07-09,418.55,credit,REMOTE DEP CANYON RIDGE GRCRY INV8062,INV8062,ACH-CR,622318.55
BT-000315,2026-07-09,7831.10,debit,CHECK PAID 4259,4259,CHK,614487.45
BT-000329,2026-07-09,5390.75,debit,CHECK PAID 4264,4264,CHK,609096.70
BT-000359,2026-07-09,4975.00,credit,REMOTE DEP BONNEVILLE BAGELS INV8128,INV8128,ACH-CR,614071.70
BT-000360,2026-07-09,1767.95,credit,ACH DEP OGDEN STREET FOODS INV8699,INV8699,ACH-CR,615839.65
BT-000365,2026-07-09,6176.70,credit,ACH DEP PROVO PROVISIONS INV8834,INV8834,ACH-CR,622016.35
BT-000378,2026-07-09,1917.60,credit,REMOTE DEP RED BUTTE DINER INV8690,INV8690,ACH-CR,623933.95
BT-000391,2026-07-09,3086.10,credit,ACH DEP ANTLP ISL FOODS,,ACH-CR,627020.05
BT-000405,2026-07-09,2180.20,credit,DEPOSIT BEAR CLAW BKRY,,ACH-CR,629200.25
BT-000428,2026-07-09,782.15,credit,DEPOSIT LOGAN CYN CAFE,,ACH-CR,629982.40
BT-000431,2026-07-09,2216.15,credit,REMOTE DEP ZION CLD STRG,,ACH-CR,632198.55
BT-000435,2026-07-09,6457.75,credit,REMOTE DEP BATCH 286,,DEP,638656.30
BT-000441,2026-07-09,4635.45,credit,REMOTE DEP BATCH 377,,DEP,643291.75
BT-000005,2026-07-10,6700.80,debit,CHECK PAID 4105,4105,CHK,636590.95
BT-000010,2026-07-10,7208.60,credit,ACH DEP ALTA VISTA BISTRO INV8390,INV8390,ACH-CR,643799.55
BT-000047,2026-07-10,2890.00,debit,CHECK PAID 4131,4131,CHK,640909.55
BT-000048,2026-07-10,4193.75,credit,ACH DEP REDROCK PROVISIONS INV8126,INV8126,ACH-CR,645103.30
BT-000073,2026-07-10,4798.20,debit,CHECK PAID 4144,4144,CHK,640305.10
BT-000074,2026-07-10,4798.20,debit,CHECK PAID 4145,4145,CHK,635506.90
BT-000080,2026-07-10,348.25,debit,CHECK PAID 4149,4149,CHK,635158.65
BT-000081,2026-07-10,6613.95,credit,ACH DEP BONNEVILLE BAGELS INV8982,INV8982,ACH-CR,641772.60
BT-000097,2026-07-10,5410.80,credit,ACH DEP BEARCLAW BAKERY INV8350,INV8350,ACH-CR,647183.40
BT-000098,2026-07-10,5410.80,debit,CHECK PAID 4160,4160,CHK,641772.60
BT-000105,2026-07-10,1140.20,credit,ACH DEP PROVO PROVISIONS INV8575,INV8575,ACH-CR,642912.80
BT-000149,2026-07-10,8586.40,debit,CHECK PAID 4179,4179,CHK,634326.40
BT-000200,2026-07-10,7650.55,credit,ACH DEP BEARCLAW BAKERY INV8748,INV8748,ACH-CR,641976.95
BT-000203,2026-07-10,806.05,debit,CHECK PAID 4206,4206,CHK,641170.90
BT-000207,2026-07-10,6597.95,credit,ACH DEP TIMPANOGOS COFFEE INV8544,INV8544,ACH-CR,647768.85
BT-000214,2026-07-10,16655.30,credit,ACH DEP SILVER FORK CAFE INV8948,INV8948,ACH-CR,664424.15
BT-000239,2026-07-10,5448.20,credit,ACH DEP CANYON RIDGE GRCRY INV8998,INV8998,ACH-CR,669872.35
BT-000269,2026-07-10,6884.45,credit,ACH DEP LOGAN CANYON CAFE INV8734,INV8734,ACH-CR,676756.80
BT-000364,2026-07-10,5983.55,credit,REMOTE DEP BRIGHTON BISTRO INV8837,INV8837,ACH-CR,682740.35
BT-000383,2026-07-10,4152.85,debit,CHECK PAID 4284,4284,CHK,678587.50
BT-000438,2026-07-10,7376.05,credit,REMOTE DEP BATCH 649,,DEP,685963.55
BT-000457,2026-07-10,1393.85,debit,ACH DEBIT NORTHGATE PAPER,,ACH-DR,684569.70
BT-000458,2026-07-10,1724.20,debit,ACH DEBIT NORTHGATE PAPER,,ACH-DR,682845.50
BT-000459,2026-07-10,1762.75,debit,ACH DEBIT NORTHGATE PAPER,,ACH-DR,681082.75
BT-000118,2026-07-13,4765.30,credit,ACH DEP COPPER RIDGE MARKET INV8043,INV8043,ACH-CR,685848.05
BT-000119,2026-07-13,4766.25,credit,ACH DEP COTTONWOOD CATERING INV8796,INV8796,ACH-CR,690614.30
BT-000148,2026-07-13,803.45,credit,ACH DEP ALTA VISTA BISTRO INV8134,INV8134,ACH-CR,691417.75
BT-000192,2026-07-13,17075.80,credit,ACH DEP BONNEVILLE BAGELS INV8708,INV8708,ACH-CR,708493.55
BT-000229,2026-07-13,5026.70,credit,ACH DEP LOGAN CANYON CAFE INV8980,INV8980,ACH-CR,713520.25
BT-000250,2026-07-13,5292.85,debit,CHECK PAID 4227,4227,CHK,708227.40
BT-000254,2026-07-13,414.40,debit,CHECK PAID 4230,4230,CHK,707813.00
BT-000261,2026-07-13,5164.65,credit,ACH DEP SNOWBASIN CATERING INV8553,INV8553,ACH-CR,712977.65
BT-000278,2026-07-13,6024.20,debit,CHECK PAID 4240,4240,CHK,706953.45
BT-000279,2026-07-13,2847.95,debit,CHECK PAID 4241,4241,CHK,704105.50
BT-000286,2026-07-13,7781.65,credit,ACH DEP SILVER FORK CAFE INV8752,INV8752,ACH-CR,711887.15
BT-000309,2026-07-13,621.40,credit,ACH DEP MOAB TRADING POST INV8697,INV8697,ACH-CR,712508.55
BT-000338,2026-07-13,3537.75,debit,CHECK PAID 4266,4266,CHK,708970.80
BT-000342,2026-07-13,6178.00,credit,ACH CREDIT PROVO PROVISIONS INV8030,INV8030,ACH-CR,715148.80
BT-000350,2026-07-13,2332.45,credit,REMOTE DEP COTTONWOOD CATERING INV8619,INV8619,ACH-CR,717481.25
BT-000352,2026-07-13,516.95,credit,ACH DEP OGDEN STREET FOODS INV8830,INV8830,ACH-CR,717998.20
BT-000354,2026-07-13,2245.95,debit,CHECK PAID 4272,4272,CHK,715752.25
BT-000376,2026-07-13,5414.90,credit,ACH CREDIT GRANITE PEAK FOODS INV8921,INV8921,ACH-CR,721167.15
BT-000382,2026-07-13,5590.30,debit,CHECK PAID 4283,4283,CHK,715576.85
BT-000414,2026-07-13,479.45,credit,REMOTE DEP RED ROCK PROV,,ACH-CR,716056.30
BT-000480,2026-07-13,381.75,debit,ACH DEBIT SEGO LILY CLEANING,,ACH-DR,715674.55
BT-000482,2026-07-13,1211.85,credit,ACH DEP BRIGHTON BISTRO INV8313,INV8313,ACH-CR,716886.40
BT-000017,2026-07-14,5204.20,credit,ACH DEP JUNIPER TABLE INV8142,INV8142,ACH-CR,722090.60
BT-000021,2026-07-14,3839.50,debit,CHECK PAID 4116,4116,CHK,718251.10
BT-000035,2026-07-14,1660.55,debit,CHECK PAID 4124,4124,CHK,716590.55
BT-000113,2026-07-14,3760.25,credit,ACH DEP OGDEN STREET FOODS INV8758,INV8758,ACH-CR,720350.80
BT-000132,2026-07-14,4348.65,debit,CHECK PAID 4170,4170,CHK,716002.15
BT-000136,2026-07-14,4557.65,credit,ACH DEP PARK CITY MARKET INV8095,INV8095,ACH-CR,720559.80
BT-000137,2026-07-14,4557.05,debit,CHECK PAID 4172,4172,CHK,716002.75
BT-000140,2026-07-14,8522.20,debit,CHECK PAID 4175,4175,CHK,707480.55
BT-000147,2026-07-14,2907.20,debit,CHECK PAID 4178,4178,CHK,704573.35
BT-000156,2026-07-14,2549.55,credit,ACH DEP MOAB TRADING POST INV8720,INV8720,ACH-CR,707122.90
BT-000213,2026-07-14,2760.90,credit,ACH DEP COTTONWOOD CATERING INV8527,INV8527,ACH-CR,709883.80
BT-000223,2026-07-14,3781.80,debit,CHECK PAID 4215,4215,CHK,706102.00
BT-000231,2026-07-14,2149.70,debit,CHECK PAID 4219,4219,CHK,703952.30
BT-000281,2026-07-14,2364.70,debit,CHECK PAID 4242,4242,CHK,701587.60
BT-000291,2026-07-14,306.65,credit,ACH DEP EMIGRATION KITCHEN INV8523,INV8523,ACH-CR,701894.25
BT-000303,2026-07-14,7913.85,credit,ACH DEP COTTONWOOD CATERING INV8693,INV8693,ACH-CR,709808.10
BT-000318,2026-07-14,2058.60,credit,REMOTE DEP HEBER VALLEY FOODS INV8323,INV8323,ACH-CR,711866.70
BT-000321,2026-07-14,3410.35,credit,ACH CREDIT HEBER VALLEY FOODS INV8317,INV8317,ACH-CR,715277.05
BT-000334,2026-07-14,4730.70,credit,ACH CREDIT GRANITE PEAK FOODS INV8669,INV8669,ACH-CR,720007.75
BT-000337,2026-07-14,2708.05,debit,CHECK PAID 4265,4265,CHK,717299.70
BT-000379,2026-07-14,6031.85,credit,ACH DEP BEARCLAW BAKERY INV8276,INV8276,ACH-CR,723331.55
BT-000393,2026-07-14,1269.00,credit,REMOTE DEP FREMONT SPG WTR,,ACH-CR,724600.55
BT-000403,2026-07-14,1262.05,credit,ACH CREDIT BEAR CLAW BKRY,,ACH-CR,725862.60
BT-000434,2026-07-14,8739.25,credit,REMOTE DEP BATCH 714,,DEP,734601.85
BT-000481,2026-07-14,381.75,debit,ACH DEBIT SEGO LILY CLEANING,,ACH-DR,734220.10
BT-000484,2026-07-14,582.85,credit,ACH DEP COTTONWOOD CATERING INV8309,INV8309,ACH-CR,734802.95
BT-000486,2026-07-14,379.90,debit,COUNTER CREDIT 8802,,ACH-CR,734423.05
BT-000014,2026-07-15,1325.75,credit,ACH DEP HEBER VALLEY FOODS INV8412,INV8412,ACH-CR,735748.80
BT-000018,2026-07-15,7019.30,credit,ACH DEP SALTAIR SUPPER CLUB INV8345,INV8345,ACH-CR,742768.10
BT-000072,2026-07-15,6483.10,debit,CHECK PAID 4143,4143,CHK,736285.00
BT-000112,2026-07-15,2645.75,credit,ACH DEP SNOWBASIN CATERING INV8748,INV8748,ACH-CR,738930.75
BT-000127,2026-07-15,8032.50,credit,ACH DEP SILVER FORK CAFE INV8447,INV8447,ACH-CR,746963.25
BT-000128,2026-07-15,8032.85,credit,ACH DEP HEBER VALLEY FOODS INV8964,INV8964,ACH-CR,754996.10
BT-000138,2026-07-15,5772.20,debit,CHECK PAID 4173,4173,CHK,749223.90
BT-000162,2026-07-15,6848.75,debit,CHECK PAID 4184,4184,CHK,742375.15
BT-000167,2026-07-15,689.75,debit,CHECK PAID 4187,4187,CHK,741685.40
BT-000169,2026-07-15,7826.15,debit,CHECK PAID 4188,4188,CHK,733859.25
BT-000170,2026-07-15,7826.15,debit,CHECK PAID 4189,4189,CHK,726033.10
BT-000179,2026-07-15,6944.85,credit,ACH DEP OGDEN STREET FOODS INV8587,INV8587,ACH-CR,732977.95
BT-000263,2026-07-15,2937.60,credit,ACH DEP RED BUTTE DINER INV8731,INV8731,ACH-CR,735915.55
BT-000270,2026-07-15,4827.45,debit,CHECK PAID 4237,4237,CHK,731088.10
BT-000275,2026-07-15,2598.80,debit,CHECK PAID 4238,4238,CHK,728489.30
BT-000304,2026-07-15,1741.40,debit,CHECK PAID 4253,4253,CHK,726747.90
BT-000320,2026-07-15,2911.25,credit,ACH CREDIT COTTONWOOD CATERING INV8204,INV8204,ACH-CR,729659.15
BT-000323,2026-07-15,3820.50,credit,ACH DEP PARK CITY MARKET INV8413,INV8413,ACH-CR,733479.65
BT-000335,2026-07-15,3272.45,credit,REMOTE DEP PROVO PROVISIONS INV8213,INV8213,ACH-CR,736752.10
BT-000361,2026-07-15,7294.20,credit,REMOTE DEP COPPER RIDGE MARKET INV8992,INV8992,ACH-CR,744046.30
BT-000417,2026-07-15,5656.10,credit,REMOTE DEP BEAR CLAW BKRY,,ACH-CR,749702.40
BT-000423,2026-07-15,2211.85,credit,ACH CREDIT BEEHIVE PKG,,ACH-CR,751914.25
BT-000436,2026-07-15,8038.05,credit,REMOTE DEP BATCH 211,,DEP,759952.30
BT-000442,2026-07-15,2157.65,debit,ACH DEBIT UNION PACIFIC LOG,,ACH-DR,757794.65
BT-000444,2026-07-15,675.05,debit,ACH DEBIT UNION PACIFIC LOG,,ACH-DR,757119.60
BT-000451,2026-07-15,2051.25,debit,ACH DEBIT ZION COLD STORAGE,,ACH-DR,755068.35
BT-000453,2026-07-15,2253.65,debit,ACH DEBIT ZION COLD STORAGE,,ACH-DR,752814.70
BT-000483,2026-07-15,1057.25,credit,ACH DEP TIMPANOGOS COFFEE INV8184,INV8184,ACH-CR,753871.95
BT-000020,2026-07-16,21275.90,debit,CHECK PAID 4115,4115,CHK,732596.05
BT-000037,2026-07-16,4999.35,debit,CHECK PAID 4125,4125,CHK,727596.70
BT-000061,2026-07-16,6353.35,debit,CHECK PAID 4137,4137,CHK,721243.35
BT-000062,2026-07-16,6353.35,debit,CHECK PAID 4138,4138,CHK,714890.00
BT-000089,2026-07-16,969.85,debit,CHECK PAID 4154,4154,CHK,713920.15
BT-000159,2026-07-16,3412.50,credit,ACH DEP BEARCLAW BAKERY INV8082,INV8082,ACH-CR,717332.65
BT-000172,2026-07-16,3965.25,debit,CHECK PAID 4191,4191,CHK,713367.40
BT-000173,2026-07-16,3965.60,debit,CHECK PAID 4192,4192,CHK,709401.80
BT-000246,2026-07-16,862.60,credit,ACH DEP REDROCK PROVISIONS INV8499,INV8499,ACH-CR,710264.40
BT-000253,2026-07-16,5728.10,credit,ACH DEP JUNIPER TABLE INV8664,INV8664,ACH-CR,715992.50
BT-000262,2026-07-16,6300.60,debit,CHECK PAID 4234,4234,CHK,709691.90
BT-000284,2026-07-16,8013.80,credit,ACH DEP OGDEN STREET FOODS INV8222,INV8222,ACH-CR,717705.70
BT-000301,2026-07-16,2437.20,credit,ACH DEP COPPER RIDGE MARKET INV8368,INV8368,ACH-CR,720142.90
BT-000306,2026-07-16,2655.45,credit,ACH DEP HEBER VALLEY FOODS INV8088,INV8088,ACH-CR,722798.35
BT-000358,2026-07-16,3423.70,debit,CHECK PAID 4274,4274,CHK,719374.65
BT-000380,2026-07-16,4557.20,credit,ACH CREDIT PROVO PROVISIONS INV8759,INV8759,ACH-CR,723931.85
BT-000381,2026-07-16,4343.45,debit,CHECK PAID 4282,4282,CHK,719588.40
BT-000396,2026-07-16,6006.75,credit,REMOTE DEP FREMONT SPG WTR,,ACH-CR,725595.15
BT-000420,2026-07-16,3702.30,credit,REMOTE DEP WSTCH PRODUCE PTNR,,ACH-CR,729297.45
BT-000443,2026-07-16,3840.40,debit,ACH DEBIT UNION PACIFIC LOG,,ACH-DR,725457.05
BT-000452,2026-07-16,650.85,debit,ACH DEBIT ZION COLD STORAGE,,ACH-DR,724806.20
BT-000477,2026-07-16,1426.80,debit,RETURNED DEPOSIT SALTAIR SUPPER CLUB,,RTN,723379.40
BT-000044,2026-07-17,3171.75,credit,ACH DEP CANYON RIDGE GRCRY INV8935,INV8935,ACH-CR,726551.15
BT-000069,2026-07-17,7938.65,credit,ACH DEP PROVO PROVISIONS INV8666,INV8666,ACH-CR,734489.80
BT-000084,2026-07-17,8033.30,credit,ACH DEP BRIGHTON BISTRO INV8529,INV8529,ACH-CR,742523.10
BT-000087,2026-07-17,6323.60,debit,CHECK PAID 4152,4152,CHK,736199.50
BT-000096,2026-07-17,7675.10,debit,CHECK PAID 4159,4159,CHK,728524.40
BT-000099,2026-07-17,7868.05,credit,ACH DEP CANYON RIDGE GRCRY INV8027,INV8027,ACH-CR,736392.45
BT-000131,2026-07-17,1396.55,credit,ACH DEP COPPER RIDGE MARKET INV8387,INV8387,ACH-CR,737789.00
BT-000142,2026-07-17,1325.20,credit,ACH DEP TIMPANOGOS COFFEE INV8637,INV8637,ACH-CR,739114.20
BT-000154,2026-07-17,8409.50,credit,ACH DEP ALTA VISTA BISTRO INV8813,INV8813,ACH-CR,747523.70
BT-000155,2026-07-17,8408.55,debit,CHECK PAID 4181,4181,CHK,739115.15
BT-000161,2026-07-17,224.05,credit,ACH DEP WASATCH DELI GRP INV8855,INV8855,ACH-CR,739339.20
BT-000184,2026-07-17,3948.15,credit,ACH DEP OGDEN STREET FOODS INV8665,INV8665,ACH-CR,743287.35
BT-000196,2026-07-17,4236.90,debit,CHECK PAID 4202,4202,CHK,739050.45
BT-000296,2026-07-17,7956.25,debit,CHECK PAID 4248,4248,CHK,731094.20
BT-000355,2026-07-17,7203.40,credit,REMOTE DEP WASATCH DELI GRP INV8793,INV8793,ACH-CR,738297.60
BT-000356,2026-07-17,5192.15,debit,CHECK PAID 4273,4273,CHK,733105.45
BT-000401,2026-07-17,4098.45,credit,DEPOSIT SALTFLATS BEV,,ACH-CR,737203.90
BT-000402,2026-07-17,1416.30,credit,ACH DEP LOGAN CYN CAFE,,ACH-CR,738620.20
BT-000412,2026-07-17,2114.85,credit,ACH CREDIT WEBER FLEET SVC,,ACH-CR,740735.05
BT-000448,2026-07-17,1868.30,debit,ACH DEBIT GREAT BASIN INSURANCE,,ACH-DR,738866.75
BT-000449,2026-07-17,2212.10,debit,ACH DEBIT GREAT BASIN INSURANCE,,ACH-DR,736654.65
BT-000022,2026-07-20,2522.85,credit,ACH DEP COPPER RIDGE MARKET INV8979,INV8979,ACH-CR,739177.50
BT-000106,2026-07-20,1351.60,debit,CHECK PAID 4162,4162,CHK,737825.90
BT-000139,2026-07-20,3831.75,debit,CHECK PAID 4174,4174,CHK,733994.15
BT-000188,2026-07-20,6818.45,credit,ACH DEP LAKESIDE GRILL INV8159,INV8159,ACH-CR,740812.60
BT-000202,2026-07-20,8598.60,credit,ACH DEP BRIGHTON BISTRO INV8945,INV8945,ACH-CR,749411.20
BT-000237,2026-07-20,840.95,credit,ACH DEP PROVO PROVISIONS INV8117,INV8117,ACH-CR,750252.15
BT-000274,2026-07-20,336.50,credit,ACH DEP PARK CITY MARKET INV8605,INV8605,ACH-CR,750588.65
BT-000277,2026-07-20,3887.90,debit,CHECK PAID 4239,4239,CHK,746700.75
BT-000297,2026-07-20,2428.60,credit,ACH DEP SNOWBASIN CATERING INV8925,INV8925,ACH-CR,749129.35
BT-000388,2026-07-20,3192.90,credit,ACH CREDIT ANTLP ISL FOODS,,ACH-CR,752322.25
BT-000409,2026-07-20,1032.20,credit,ACH DEP HEBER VLY FDS,,ACH-CR,753354.45
BT-000422,2026-07-20,3387.05,credit,DEPOSIT ALPINE EQP RPR,,ACH-CR,756741.50
BT-000425,2026-07-20,1413.45,credit,ACH DEP NGATE PAPER SPLY,,ACH-CR,758154.95
BT-000427,2026-07-20,1638.25,credit,ACH DEP PROVO PROVSNS,,ACH-CR,759793.20
BT-000440,2026-07-20,5936.00,credit,REMOTE DEP BATCH 832,,DEP,765729.20
BT-000445,2026-07-20,1190.85,debit,ACH DEBIT DESERET PAYROLL,,ACH-DR,764538.35
BT-000446,2026-07-20,1232.40,debit,ACH DEBIT DESERET PAYROLL,,ACH-DR,763305.95
BT-000447,2026-07-20,740.55,debit,ACH DEBIT DESERET PAYROLL,,ACH-DR,762565.40
BT-000450,2026-07-20,2942.90,debit,ACH DEBIT GREAT BASIN INSURANCE,,ACH-DR,759622.50
BT-000476,2026-07-20,2315.80,debit,RETURNED DEPOSIT RED BUTTE DINER,,RTN,757306.70
BT-000082,2026-07-21,8510.60,debit,CHECK PAID 4150,4150,CHK,748796.10
BT-000083,2026-07-21,8510.25,debit,CHECK PAID 4151,4151,CHK,740285.85
BT-000117,2026-07-21,2547.80,debit,CHECK PAID 4166,4166,CHK,737738.05
BT-000209,2026-07-21,5301.30,credit,ACH DEP PROVO PROVISIONS INV8416,INV8416,ACH-CR,743039.35
BT-000224,2026-07-21,7973.70,credit,ACH DEP OGDEN STREET FOODS INV8329,INV8329,ACH-CR,751013.05
BT-000272,2026-07-21,8407.80,credit,ACH DEP EMIGRATION KITCHEN INV8857,INV8857,ACH-CR,759420.85
BT-000282,2026-07-21,416.00,debit,CHECK PAID 4243,4243,CHK,759004.85
BT-000324,2026-07-21,7036.00,debit,CHECK PAID 4261,4261,CHK,751968.85
BT-000328,2026-07-21,398.45,debit,CHECK PAID 4263,4263,CHK,751570.40
BT-000331,2026-07-21,3986.65,credit,ACH CREDIT COTTONWOOD CATERING INV8999,INV8999,ACH-CR,755557.05
BT-000368,2026-07-21,2267.50,credit,ACH CREDIT SALTAIR SUPPER CLUB INV8495,INV8495,ACH-CR,757824.55
BT-000374,2026-07-21,3721.40,debit,CHECK PAID 4280,4280,CHK,754103.15
BT-000384,2026-07-21,6820.60,credit,REMOTE DEP OGDEN STREET FOODS INV8194,INV8194,ACH-CR,760923.75
BT-000385,2026-07-21,4818.80,credit,REMOTE DEP ALTA VISTA BISTRO INV8672,INV8672,ACH-CR,765742.55
BT-000197,2026-07-22,8053.60,debit,CHECK PAID 4203,4203,CHK,757688.95
BT-000212,2026-07-22,4571.75,debit,CHECK PAID 4209,4209,CHK,753117.20
BT-000218,2026-07-22,3169.55,debit,CHECK PAID 4213,4213,CHK,749947.65
BT-000249,2026-07-22,771.75,debit,CHECK PAID 4226,4226,CHK,749175.90
BT-000252,2026-07-22,1508.60,debit,CHECK PAID 4229,4229,CHK,747667.30
BT-000256,2026-07-22,7575.70,debit,CHECK PAID 4231,4231,CHK,740091.60
BT-000340,2026-07-22,7443.20,credit,REMOTE DEP LOGAN CANYON CAFE INV8686,INV8686,ACH-CR,747534.80
BT-000353,2026-07-22,6047.10,debit,CHECK PAID 4271,4271,CHK,741487.70
BT-000371,2026-07-22,1919.70,debit,CHECK PAID 4277,4277,CHK,739568.00
BT-000429,2026-07-22,6245.30,credit,REMOTE DEP ALTAVISTA BSTRO,,ACH-CR,745813.30
BT-000016,2026-07-23,3889.25,credit,ACH DEP JUNIPER TABLE INV8745,INV8745,ACH-CR,749702.55
BT-000039,2026-07-23,5246.55,debit,CHECK PAID 4127,4127,CHK,744456.00
BT-000066,2026-07-23,7413.80,debit,CHECK PAID 4140,4140,CHK,737042.20
BT-000071,2026-07-23,4761.70,credit,ACH DEP REDROCK PROVISIONS INV8116,INV8116,ACH-CR,741803.90
BT-000114,2026-07-23,1518.80,debit,CHECK PAID 4164,4164,CHK,740285.10
BT-000141,2026-07-23,2167.10,debit,CHECK PAID 4176,4176,CHK,738118.00
BT-000190,2026-07-23,588.65,credit,ACH DEP LOGAN CANYON CAFE INV8587,INV8587,ACH-CR,738706.65
BT-000228,2026-07-23,5178.05,debit,CHECK PAID 4217,4217,CHK,733528.60
BT-000289,2026-07-23,4552.55,debit,CHECK PAID 4244,4244,CHK,728976.05
BT-000339,2026-07-23,7627.05,debit,CHECK PAID 4267,4267,CHK,721349.00
BT-000343,2026-07-23,6533.75,debit,CHECK PAID 4268,4268,CHK,714815.25
BT-000362,2026-07-23,7380.75,credit,ACH CREDIT SALTAIR SUPPER CLUB INV8750,INV8750,ACH-CR,722196.00
BT-000394,2026-07-23,6268.55,credit,ACH DEP ANTLP ISL FOODS,,ACH-CR,728464.55
BT-000426,2026-07-23,218.30,credit,REMOTE DEP RCKY MTN POWER,,ACH-CR,728682.85
BT-000430,2026-07-23,4028.55,credit,REMOTE DEP WSTCH DELI,,ACH-CR,732711.40
BT-000460,2026-07-23,2558.95,debit,ACH DEBIT SALT FLATS BEVERAGE,,ACH-DR,730152.45
BT-000461,2026-07-23,2028.35,debit,ACH DEBIT SALT FLATS BEVERAGE,,ACH-DR,728124.10
BT-000462,2026-07-23,2990.90,debit,ACH DEBIT SALT FLATS BEVERAGE,,ACH-DR,725133.20
BT-000029,2026-07-24,5008.35,debit,CHECK PAID 4120,4120,CHK,720124.85
BT-000041,2026-07-24,7717.00,credit,ACH DEP PARK CITY MARKET INV8303,INV8303,ACH-CR,727841.85
BT-000100,2026-07-24,5342.25,debit,CHECK PAID 4161,4161,CHK,722499.60
BT-000101,2026-07-24,5341.90,credit,ACH DEP REDROCK PROVISIONS INV8653,INV8653,ACH-CR,727841.50
BT-000109,2026-07-24,7012.60,credit,ACH DEP MOAB TRADING POST INV8703,INV8703,ACH-CR,734854.10
BT-000110,2026-07-24,7012.60,credit,ACH DEP PROVO PROVISIONS INV8561,INV8561,ACH-CR,741866.70
BT-000130,2026-07-24,6895.95,debit,CHECK PAID 4169,4169,CHK,734970.75
BT-000143,2026-07-24,3560.25,debit,CHECK PAID 4177,4177,CHK,731410.50
BT-000160,2026-07-24,4062.85,credit,ACH DEP HEBER VALLEY FOODS INV8794,INV8794,ACH-CR,735473.35
BT-000163,2026-07-24,3464.90,credit,ACH DEP COPPER RIDGE MARKET INV8619,INV8619,ACH-CR,738938.25
BT-000164,2026-07-24,3465.50,credit,ACH DEP OGDEN STREET FOODS INV8596,INV8596,ACH-CR,742403.75
BT-000178,2026-07-24,2489.45,credit,ACH DEP PARK CITY MARKET INV8846,INV8846,ACH-CR,744893.20
BT-000205,2026-07-24,1304.20,credit,ACH DEP TIMPANOGOS COFFEE INV8641,INV8641,ACH-CR,746197.40
BT-000206,2026-07-24,6584.15,credit,ACH DEP PARK CITY MARKET INV8712,INV8712,ACH-CR,752781.55
BT-000287,2026-07-24,2384.25,credit,ACH DEP GRANITE PEAK FOODS INV8820,INV8820,ACH-CR,755165.80
BT-000314,2026-07-24,3571.25,debit,CHECK PAID 4258,4258,CHK,751594.55
BT-000325,2026-07-24,1678.30,debit,CHECK PAID 4262,4262,CHK,749916.25
BT-000344,2026-07-24,6731.15,credit,REMOTE DEP WASATCH DELI GRP INV8351,INV8351,ACH-CR,756647.40
BT-000398,2026-07-24,4293.30,credit,ACH DEP ALTAVISTA BSTRO,,ACH-CR,760940.70
BT-000413,2026-07-24,4298.30,credit,ACH CREDIT WEBER FLEET SVC,,ACH-CR,765239.00
BT-000416,2026-07-24,1700.00,credit,DEPOSIT BEEHIVE PKG,,ACH-CR,766939.00
BT-000468,2026-07-24,50.10,debit,ACCOUNT MAINT FEE,,FEE,766888.90
BT-000471,2026-07-24,90.05,debit,WIRE FEE,,FEE,766798.85
BT-000067,2026-07-27,2004.15,debit,CHECK PAID 4141,4141,CHK,764794.70
BT-000085,2026-07-27,8230.30,credit,ACH DEP OGDEN STREET FOODS INV8982,INV8982,ACH-CR,773025.00
BT-000086,2026-07-27,8230.30,credit,ACH DEP ALTA VISTA BISTRO INV8627,INV8627,ACH-CR,781255.30
BT-000157,2026-07-27,6875.10,debit,CHECK PAID 4182,4182,CHK,774380.20
BT-000158,2026-07-27,6875.10,debit,CHECK PAID 4183,4183,CHK,767505.10
BT-000166,2026-07-27,3177.40,debit,CHECK PAID 4186,4186,CHK,764327.70
BT-000168,2026-07-27,1849.10,credit,ACH DEP LAKESIDE GRILL INV8177,INV8177,ACH-CR,766176.80
BT-000174,2026-07-27,8231.45,debit,CHECK PAID 4193,4193,CHK,757945.35
BT-000180,2026-07-27,917.85,credit,ACH DEP SILVER FORK CAFE INV8391,INV8391,ACH-CR,758863.20
BT-000193,2026-07-27,2853.90,debit,CHECK PAID 4201,4201,CHK,756009.30
BT-000216,2026-07-27,1210.30,debit,CHECK PAID 4211,4211,CHK,754799.00
BT-000235,2026-07-27,4936.25,credit,ACH DEP BEARCLAW BAKERY INV8937,INV8937,ACH-CR,759735.25
BT-000298,2026-07-27,6648.70,debit,CHECK PAID 4249,4249,CHK,753086.55
BT-000310,2026-07-27,1305.25,debit,CHECK PAID 4256,4256,CHK,751781.30
BT-000317,2026-07-27,4313.00,debit,CHECK PAID 4260,4260,CHK,747468.30
BT-000327,2026-07-27,556.40,credit,ACH DEP TIMPANOGOS COFFEE INV8521,INV8521,ACH-CR,748024.70
BT-000336,2026-07-27,7083.90,credit,REMOTE DEP PARK CITY MARKET INV8843,INV8843,ACH-CR,755108.60
BT-000375,2026-07-27,4332.75,credit,ACH DEP RED BUTTE DINER INV8911,INV8911,ACH-CR,759441.35
BT-000472,2026-07-27,89.30,debit,RETURNED ITEM FEE,,FEE,759352.05
BT-000012,2026-07-28,280.15,debit,CHECK PAID 4112,4112,CHK,759071.90
BT-000032,2026-07-28,20428.05,credit,ACH DEP RED BUTTE DINER INV8549,INV8549,ACH-CR,779499.95
BT-000088,2026-07-28,1246.90,debit,CHECK PAID 4153,4153,CHK,778253.05
BT-000123,2026-07-28,3053.55,credit,ACH DEP HEBER VALLEY FOODS INV8137,INV8137,ACH-CR,781306.60
BT-000198,2026-07-28,8545.35,debit,CHECK PAID 4204,4204,CHK,772761.25
BT-000208,2026-07-28,2319.40,credit,ACH DEP MOAB TRADING POST INV8654,INV8654,ACH-CR,775080.65
BT-000220,2026-07-28,5214.45,credit,ACH DEP JUNIPER TABLE INV8037,INV8037,ACH-CR,780295.10
BT-000222,2026-07-28,4921.80,credit,ACH DEP BONNEVILLE BAGELS INV8593,INV8593,ACH-CR,785216.90
BT-000226,2026-07-28,2549.10,credit,ACH DEP SNOWBASIN CATERING INV8266,INV8266,ACH-CR,787766.00
BT-000233,2026-07-28,2459.25,credit,ACH DEP COPPER RIDGE MARKET INV8916,INV8916,ACH-CR,790225.25
BT-000260,2026-07-28,5272.90,debit,CHECK PAID 4233,4233,CHK,784952.35
BT-000267,2026-07-28,527.75,debit,CHECK PAID 4235,4235,CHK,784424.60
BT-000268,2026-07-28,3955.70,debit,CHECK PAID 4236,4236,CHK,780468.90
BT-000283,2026-07-28,6587.35,credit,ACH DEP LAKESIDE GRILL INV8260,INV8260,ACH-CR,787056.25
BT-000357,2026-07-28,748.70,credit,REMOTE DEP COTTONWOOD CATERING INV8792,INV8792,ACH-CR,787804.95
BT-000363,2026-07-28,4439.50,credit,ACH DEP SILVER FORK CAFE INV8207,INV8207,ACH-CR,792244.45
BT-000367,2026-07-28,1477.00,debit,CHECK PAID 4276,4276,CHK,790767.45
BT-000397,2026-07-28,1596.15,credit,REMOTE DEP COPPER RDG MKT,,ACH-CR,792363.60
BT-000437,2026-07-28,4734.30,credit,REMOTE DEP BATCH 694,,DEP,797097.90
BT-000466,2026-07-28,52.10,debit,ACH ORIGINATION FEE,,FEE,797045.80
BT-000470,2026-07-28,24.25,debit,RETURNED ITEM FEE,,FEE,797021.55
BT-000485,2026-07-28,340.10,credit,MISC CREDIT ADJ 4471,,ACH-CR,797361.65
BT-000019,2026-07-29,8310.70,debit,CHECK PAID 4114,4114,CHK,789050.95
BT-000028,2026-07-29,5860.85,credit,ACH DEP COTTONWOOD CATERING INV8110,INV8110,ACH-CR,794911.80
BT-000057,2026-07-29,872.60,debit,CHECK PAID 4134,4134,CHK,794039.20
BT-000090,2026-07-29,4261.00,debit,CHECK PAID 4155,4155,CHK,789778.20
BT-000116,2026-07-29,2887.75,debit,CHECK PAID 4165,4165,CHK,786890.45
BT-000121,2026-07-29,3936.80,credit,ACH DEP JUNIPER TABLE INV8674,INV8674,ACH-CR,790827.25
BT-000122,2026-07-29,3936.80,credit,ACH DEP BEARCLAW BAKERY INV8846,INV8846,ACH-CR,794764.05
BT-000124,2026-07-29,5875.25,debit,CHECK PAID 4167,4167,CHK,788888.80
BT-000221,2026-07-29,2615.50,debit,CHECK PAID 4214,4214,CHK,786273.30
BT-000234,2026-07-29,7746.70,debit,CHECK PAID 4221,4221,CHK,778526.60
BT-000251,2026-07-29,3401.60,debit,CHECK PAID 4228,4228,CHK,775125.00
BT-000280,2026-07-29,4431.20,credit,ACH DEP LAKESIDE GRILL INV8371,INV8371,ACH-CR,779556.20
BT-000295,2026-07-29,7103.65,credit,ACH DEP GRANITE PEAK FOODS INV8759,INV8759,ACH-CR,786659.85
BT-000302,2026-07-29,8591.50,debit,CHECK PAID 4252,4252,CHK,778068.35
BT-000326,2026-07-29,5107.25,credit,ACH DEP REDROCK PROVISIONS INV8501,INV8501,ACH-CR,783175.60
BT-000330,2026-07-29,7411.95,credit,REMOTE DEP BONNEVILLE BAGELS INV8446,INV8446,ACH-CR,790587.55
BT-000332,2026-07-29,3052.90,credit,ACH CREDIT RED BUTTE DINER INV8811,INV8811,ACH-CR,793640.45
BT-000348,2026-07-29,1500.15,credit,REMOTE DEP COTTONWOOD CATERING INV8159,INV8159,ACH-CR,795140.60
BT-000351,2026-07-29,3266.95,credit,DEPOSIT WASATCH DELI GRP INV8015,INV8015,ACH-CR,798407.55
BT-000372,2026-07-29,5770.50,debit,CHECK PAID 4278,4278,CHK,792637.05
BT-000473,2026-07-29,47.10,debit,WIRE FEE,,FEE,792589.95
BT-000478,2026-07-29,1353.70,debit,ACH DEBIT ROCKY MOUNTAIN POWER,,ACH-DR,791236.25
BT-000024,2026-07-30,433.60,debit,CHECK PAID 4118,4118,CHK,790802.65
BT-000068,2026-07-30,3569.90,credit,ACH DEP MOAB TRADING POST INV8309,INV8309,ACH-CR,794372.55
BT-000075,2026-07-30,597.95,credit,ACH DEP SILVER FORK CAFE INV8476,INV8476,ACH-CR,794970.50
BT-000185,2026-07-30,1848.75,debit,CHECK PAID 4198,4198,CHK,793121.75
BT-000199,2026-07-30,7558.35,credit,ACH DEP TIMPANOGOS COFFEE INV8750,INV8750,ACH-CR,800680.10
BT-000215,2026-07-30,1220.85,debit,CHECK PAID 4210,4210,CHK,799459.25
BT-000266,2026-07-30,2766.25,credit,ACH DEP EMIGRATION KITCHEN INV8809,INV8809,ACH-CR,802225.50
BT-000312,2026-07-30,4879.50,debit,CHECK PAID 4257,4257,CHK,797346.00
BT-000369,2026-07-30,6873.45,credit,ACH DEP COTTONWOOD CATERING INV8432,INV8432,ACH-CR,804219.45
BT-000370,2026-07-30,4294.80,credit,DEPOSIT PROVO PROVISIONS INV8368,INV8368,ACH-CR,808514.25
BT-000406,2026-07-30,1482.80,credit,DEPOSIT EMIGRTN KTCHN,,ACH-CR,809997.05
BT-000467,2026-07-30,58.35,debit,WIRE FEE,,FEE,809938.70
BT-000479,2026-07-30,1353.70,debit,ACH DEBIT ROCKY MOUNTAIN POWER,,ACH-DR,808585.00
BT-000023,2026-07-31,3559.40,debit,CHECK PAID 4117,4117,CHK,805025.60
BT-000025,2026-07-31,6957.75,credit,ACH DEP SNOWBASIN CATERING INV8391,INV8391,ACH-CR,811983.35
BT-000027,2026-07-31,11274.50,credit,ACH DEP RED BUTTE DINER INV8327,INV8327,ACH-CR,823257.85
BT-000064,2026-07-31,6243.15,debit,CHECK PAID 4139,4139,CHK,817014.70
BT-000065,2026-07-31,6243.50,credit,ACH DEP HEBER VALLEY FOODS INV8909,INV8909,ACH-CR,823258.20
BT-000104,2026-07-31,569.45,credit,ACH DEP BEARCLAW BAKERY INV8601,INV8601,ACH-CR,823827.65
BT-000177,2026-07-31,1293.85,debit,CHECK PAID 4195,4195,CHK,822533.80
BT-000210,2026-07-31,5729.60,credit,ACH DEP MOAB TRADING POST INV8466,INV8466,ACH-CR,828263.40
BT-000219,2026-07-31,202.55,credit,ACH DEP LAKESIDE GRILL INV8035,INV8035,ACH-CR,828465.95
BT-000238,2026-07-31,2633.15,credit,ACH DEP COTTONWOOD CATERING INV8598,INV8598,ACH-CR,831099.10
BT-000245,2026-07-31,4130.55,debit,CHECK PAID 4225,4225,CHK,826968.55
BT-000258,2026-07-31,6596.70,credit,ACH DEP ALTA VISTA BISTRO INV8516,INV8516,ACH-CR,833565.25
BT-000259,2026-07-31,8049.50,credit,ACH DEP BEARCLAW BAKERY INV8979,INV8979,ACH-CR,841614.75
BT-000271,2026-07-31,1992.50,credit,ACH DEP BEARCLAW BAKERY INV8725,INV8725,ACH-CR,843607.25
BT-000285,2026-07-31,5441.15,credit,ACH DEP BONNEVILLE BAGELS INV8885,INV8885,ACH-CR,849048.40
BT-000293,2026-07-31,7270.50,debit,CHECK PAID 4246,4246,CHK,841777.90
BT-000395,2026-07-31,5333.35,credit,ACH DEP KANAB CRK SPLY,,ACH-CR,847111.25
BT-000424,2026-07-31,2230.20,credit,ACH DEP CEDAR MESA SPC,,ACH-CR,849341.45
BT-000469,2026-07-31,103.10,debit,WIRE FEE,,FEE,849238.35
BT-000474,2026-07-31,103.55,credit,INTEREST CREDIT,,INT,849341.90
BT-000475,2026-07-31,95.55,credit,INTEREST CREDIT,,INT,849437.45
