entry_id,posting_date,amount,direction,description,reference,gl_account,source_journal
GL-000004,2026-07-01,2374.65,debit,Timpanogos Coffee — invoice 8915,INV8915,1010,CR
GL-000022,2026-07-01,6096.40,credit,Salt Flats Beverage — check 4121,4121,1010,CD
GL-000036,2026-07-01,2970.50,debit,Red Butte Diner — invoice 8250,INV8250,1010,CR
GL-000037,2026-07-01,4492.50,credit,Zion Cold Storage — check 4130,4130,1010,CD
GL-000043,2026-07-01,1999.40,debit,Park City Market — invoice 8575,INV8575,1010,CR
GL-000070,2026-07-01,1742.80,credit,Salt Flats Beverage — check 4148,4148,1010,CD
GL-000082,2026-07-01,2803.85,debit,Bearclaw Bakery — invoice 8760,INV8760,1010,CR
GL-000083,2026-07-01,2803.50,credit,Cache Valley Creamery — check 4156,4156,1010,CD
GL-000098,2026-07-01,1564.05,credit,Cedar Mesa Spices — check 4163,4163,1010,CD
GL-000124,2026-07-01,2937.45,credit,Dominguez Olive Oils — check 4171,4171,1010,CD
GL-000125,2026-07-01,2937.45,debit,Snowbasin Catering — invoice 8513,INV8513,1010,CR
GL-000126,2026-07-01,7269.15,debit,Logan Canyon Cafe — invoice 8491,INV8491,1010,CR
GL-000135,2026-07-01,1476.50,debit,Heber Valley Foods — invoice 8891,INV8891,1010,CR
GL-000162,2026-07-01,5919.80,credit,Sego Lily Cleaning — check 4190,4190,1010,CD
GL-000264,2026-07-01,5956.90,debit,Bonneville Bagels — invoice 8655,INV8655,1010,CR
GL-000267,2026-07-01,8075.00,debit,Emigration Kitchen — invoice 8955,INV8955,1010,CR
GL-000279,2026-07-01,235.05,debit,Bearclaw Bakery — invoice 8333,INV8333,1010,CR
GL-000310,2026-07-01,3611.05,debit,Timpanogos Coffee — invoice 8794,INV8794,1010,CR
GL-000336,2026-07-01,1235.45,credit,Zion Cold Storage — check 4269,4269,1010,CD
GL-000340,2026-07-01,6230.50,debit,Juniper Table — invoice 8130,INV8130,1010,CR
GL-000364,2026-07-01,3745.15,credit,Weber Fleet Services — check 4279,4279,1010,CD
GL-000378,2026-07-01,7866.50,debit,Park City Market — invoice 8354,INV8354,1010,CR
GL-000401,2026-07-01,2624.05,debit,Zion Cold Storage — remittance,,1010,CR
GL-000017,2026-07-02,6730.55,credit,High Desert Dairy — check 4119,4119,1010,CD
GL-000025,2026-07-02,7628.00,credit,Trailhead Print Works — check 4123,4123,1010,CD
GL-000051,2026-07-02,6832.65,debit,Snowbasin Catering — invoice 8741,INV8741,1010,CR
GL-000068,2026-07-02,3618.70,credit,Great Basin Insurance — check 4146,4146,1010,CD
GL-000084,2026-07-02,7662.15,credit,Sundance Freight Lines — check 4157,4157,1010,CD
GL-000086,2026-07-02,2368.95,debit,Redrock Provisions — invoice 8458,INV8458,1010,CR
GL-000102,2026-07-02,4910.30,debit,Bearclaw Bakery — invoice 8438,INV8438,1010,CR
GL-000106,2026-07-02,2382.60,debit,Cottonwood Catering — invoice 8693,INV8693,1010,CR
GL-000172,2026-07-02,3965.75,credit,Wasatch Produce Partners — check 4196,4196,1010,CD
GL-000173,2026-07-02,3965.40,debit,Park City Market — invoice 8280,INV8280,1010,CR
GL-000192,2026-07-02,2015.25,credit,Union Pacific Logistics — check 4205,4205,1010,CD
GL-000208,2026-07-02,6294.55,credit,High Desert Dairy — check 4212,4212,1010,CD
GL-000246,2026-07-02,5427.95,debit,Alta Vista Bistro — invoice 8350,INV8350,1010,CR
GL-000298,2026-07-02,7827.35,credit,Sundance Freight Lines — check 4255,4255,1010,CD
GL-000302,2026-07-02,4380.20,debit,Ogden Street Foods — invoice 8339,INV8339,1010,CR
GL-000368,2026-07-02,85.55,credit,Cache Valley Creamery — check 4281,4281,1010,CD
GL-000390,2026-07-02,282.95,debit,Emigration Kitchen — remittance,,1010,CR
GL-000410,2026-07-02,3531.20,debit,Logan Canyon Cafe — remittance,,1010,CR
GL-000412,2026-07-02,762.15,debit,Moab Trading Post — remittance,,1010,CR
GL-000427,2026-07-02,619.15,debit,Heber Valley Foods — invoice 8955,INV8955,1010,CR
GL-000428,2026-07-02,2258.55,debit,Granite Peak Foods — invoice 8653,INV8653,1010,CR
GL-000429,2026-07-02,2664.70,debit,Snowbasin Catering — invoice 8948,INV8948,1010,CR
GL-000021,2026-07-03,7976.85,debit,Brighton Bistro — invoice 8898,INV8898,1010,CR
GL-000027,2026-07-03,2540.25,debit,Copper Ridge Market — invoice 8587,INV8587,1010,CR
GL-000033,2026-07-03,2414.10,credit,Deseret Payroll Services — check 4129,4129,1010,CD
GL-000047,2026-07-03,17750.10,debit,Timpanogos Coffee — invoice 8349,INV8349,1010,CR
GL-000050,2026-07-03,292.65,credit,Alpine Equipment Repair — check 4136,4136,1010,CD
GL-000099,2026-07-03,2498.10,debit,Moab Trading Post — invoice 8205,INV8205,1010,CR
GL-000111,2026-07-03,6916.75,debit,Ogden Street Foods — invoice 8682,INV8682,1010,CR
GL-000116,2026-07-03,7434.35,debit,Timpanogos Coffee — invoice 8062,INV8062,1010,CR
GL-000117,2026-07-03,1919.15,debit,Moab Trading Post — invoice 8799,INV8799,1010,CR
GL-000182,2026-07-03,985.40,credit,Zion Cold Storage — check 4200,4200,1010,CD
GL-000185,2026-07-03,3909.20,debit,Logan Canyon Cafe — invoice 8572,INV8572,1010,CR
GL-000195,2026-07-03,1319.25,credit,Weber Fleet Services — check 4207,4207,1010,CD
GL-000216,2026-07-03,3362.40,credit,Cache Valley Creamery — check 4216,4216,1010,CD
GL-000218,2026-07-03,4745.80,debit,Ogden Street Foods — invoice 8327,INV8327,1010,CR
GL-000232,2026-07-03,4402.85,credit,Zion Cold Storage — check 4223,4223,1010,CD
GL-000255,2026-07-03,7927.80,debit,Redrock Provisions — invoice 8674,INV8674,1010,CR
GL-000296,2026-07-03,2943.35,credit,Trailhead Print Works — check 4254,4254,1010,CD
GL-000307,2026-07-03,5375.65,debit,Silver Fork Cafe — invoice 8242,INV8242,1010,CR
GL-000313,2026-07-03,6236.80,debit,Park City Market — invoice 8735,INV8735,1010,CR
GL-000357,2026-07-03,2030.85,credit,Rocky Mountain Power — check 4275,4275,1010,CD
GL-000377,2026-07-03,5699.50,debit,Moab Trading Post — invoice 8665,INV8665,1010,CR
GL-000380,2026-07-03,2566.60,debit,Kanab Creek Supply — remittance,,1010,CR
GL-000391,2026-07-03,3417.40,debit,Park City Market — remittance,,1010,CR
GL-000462,2026-07-03,9307.70,credit,Beehive Packaging — settlement,,1010,CD
GL-000024,2026-07-06,1293.65,credit,Dominguez Olive Oils — check 4122,4122,1010,CD
GL-000029,2026-07-06,2529.20,credit,Wasatch Produce Partners — check 4126,4126,1010,CD
GL-000031,2026-07-06,10931.90,credit,Trailhead Print Works — check 4128,4128,1010,CD
GL-000040,2026-07-06,3048.20,debit,Timpanogos Coffee — invoice 8299,INV8299,1010,CR
GL-000041,2026-07-06,3048.20,credit,Cache Valley Creamery — check 4132,4132,1010,CD
GL-000042,2026-07-06,8331.20,credit,Dominguez Olive Oils — check 4133,4133,1010,CD
GL-000044,2026-07-06,5591.20,debit,Cottonwood Catering — invoice 8096,INV8096,1010,CR
GL-000054,2026-07-06,4773.00,debit,Snowbasin Catering — invoice 8507,INV8507,1010,CR
GL-000061,2026-07-06,2126.35,credit,High Desert Dairy — check 4142,4142,1010,CD
GL-000143,2026-07-06,22793.15,debit,Provo Provisions — invoice 8471,INV8471,1010,CR
GL-000144,2026-07-06,3483.20,credit,Alpine Equipment Repair — check 4180,4180,1010,CD
GL-000156,2026-07-06,3208.55,credit,Trailhead Print Works — check 4185,4185,1010,CD
GL-000167,2026-07-06,7019.35,credit,Beehive Packaging — check 4194,4194,1010,CD
GL-000177,2026-07-06,6488.70,debit,Redrock Provisions — invoice 8549,INV8549,1010,CR
GL-000223,2026-07-06,4891.75,credit,Cedar Mesa Spices — check 4220,4220,1010,CD
GL-000231,2026-07-06,2498.70,credit,Dominguez Olive Oils — check 4222,4222,1010,CD
GL-000235,2026-07-06,6366.10,debit,Saltair Supper Club — invoice 8471,INV8471,1010,CR
GL-000239,2026-07-06,5278.45,debit,Emigration Kitchen — invoice 8465,INV8465,1010,CR
GL-000281,2026-07-06,4408.35,debit,Lakeside Grill — invoice 8352,INV8352,1010,CR
GL-000285,2026-07-06,6725.05,credit,Weber Fleet Services — check 4247,4247,1010,CD
GL-000291,2026-07-06,2540.60,credit,Great Basin Insurance — check 4251,4251,1010,CD
GL-000324,2026-07-06,5331.75,debit,Cottonwood Catering — invoice 8969,INV8969,1010,CR
GL-000332,2026-07-06,6718.15,debit,Park City Market — invoice 8027,INV8027,1010,CR
GL-000337,2026-07-06,3139.90,credit,Deseret Payroll Services — check 4270,4270,1010,CD
GL-000351,2026-07-06,1767.95,debit,Ogden Street Foods — invoice 8699,INV8699,1010,CR
GL-000369,2026-07-06,1917.60,debit,Red Butte Diner — invoice 8690,INV8690,1010,CR
GL-000395,2026-07-06,4614.80,debit,Provo Provisions — remittance,,1010,CR
GL-000406,2026-07-06,2878.30,debit,Beehive Packaging — remittance,,1010,CR
GL-000409,2026-07-06,1860.60,debit,Beehive Packaging — remittance,,1010,CR
GL-000426,2026-07-06,773.35,debit,Red Butte Diner — invoice 8713,INV8713,1010,CR
GL-000034,2026-07-07,1249.80,debit,Bonneville Bagels — invoice 8309,INV8309,1010,CR
GL-000046,2026-07-07,2944.25,debit,Ogden Street Foods — invoice 8122,INV8122,1010,CR
GL-000141,2026-07-07,1361.15,debit,Alta Vista Bistro — invoice 8623,INV8623,1010,CR
GL-000174,2026-07-07,4219.70,credit,Dominguez Olive Oils — check 4197,4197,1010,CD
GL-000178,2026-07-07,4808.60,credit,Great Basin Insurance — check 4199,4199,1010,CD
GL-000227,2026-07-07,3321.70,debit,Timpanogos Coffee — invoice 8658,INV8658,1010,CR
GL-000234,2026-07-07,5983.45,credit,Great Basin Insurance — check 4224,4224,1010,CD
GL-000306,2026-07-07,7831.10,credit,Beehive Packaging — check 4259,4259,1010,CD
GL-000320,2026-07-07,5390.75,credit,Trailhead Print Works — check 4264,4264,1010,CD
GL-000338,2026-07-07,3943.10,debit,Wasatch Deli Group — invoice 8897,INV8897,1010,CR
GL-000350,2026-07-07,4975.00,debit,Bonneville Bagels — invoice 8128,INV8128,1010,CR
GL-000355,2026-07-07,5983.55,debit,Brighton Bistro — invoice 8837,INV8837,1010,CR
GL-000383,2026-07-07,5170.20,debit,Kanab Creek Supply — remittance,,1010,CR
GL-000398,2026-07-07,1724.60,debit,Silver Fork Cafe — remittance,,1010,CR
GL-000399,2026-07-07,2206.35,debit,Deseret Payroll Services — remittance,,1010,CR
GL-000402,2026-07-07,743.05,debit,Moab Trading Post — remittance,,1010,CR
GL-000423,2026-07-07,464.05,debit,Logan Canyon Cafe — invoice 8560,INV8560,1010,CR
GL-000424,2026-07-07,1633.05,debit,Cottonwood Catering — invoice 8910,INV8910,1010,CR
GL-000425,2026-07-07,721.40,debit,Saltair Supper Club — invoice 8991,INV8991,1010,CR
GL-000448,2026-07-07,1658.70,debit,Emigration Kitchen — invoice 8441,INV8441,1010,CR
GL-000449,2026-07-07,1511.45,debit,Alta Vista Bistro — invoice 8168,INV8168,1010,CR
GL-000450,2026-07-07,3029.50,debit,Saltair Supper Club — invoice 8851,INV8851,1010,CR
GL-000465,2026-07-07,8812.10,credit,Beehive Packaging — settlement,,1010,CD
GL-000045,2026-07-08,1996.20,debit,Ogden Street Foods — invoice 8135,INV8135,1010,CR
GL-000049,2026-07-08,6479.75,credit,Weber Fleet Services — check 4135,4135,1010,CD
GL-000067,2026-07-08,7084.15,debit,Park City Market — invoice 8465,INV8465,1010,CR
GL-000069,2026-07-08,4496.55,credit,Alpine Equipment Repair — check 4147,4147,1010,CD
GL-000120,2026-07-08,2885.25,credit,Weber Fleet Services — check 4168,4168,1010,CD
GL-000142,2026-07-08,3363.60,debit,Canyon Ridge Grocery — invoice 8119,INV8119,1010,CR
GL-000166,2026-07-08,837.10,debit,Redrock Provisions — invoice 8554,INV8554,1010,CR
GL-000202,2026-07-08,6069.70,credit,Sundance Freight Lines — check 4208,4208,1010,CD
GL-000233,2026-07-08,3012.25,debit,Timpanogos Coffee — invoice 8109,INV8109,1010,CR
GL-000238,2026-07-08,537.25,debit,Park City Market — invoice 8335,INV8335,1010,CR
GL-000256,2026-07-08,1832.80,debit,Alta Vista Bistro — invoice 8280,INV8280,1010,CR
GL-000283,2026-07-08,3543.40,credit,Trailhead Print Works — check 4245,4245,1010,CD
GL-000304,2026-07-08,418.55,debit,Canyon Ridge Grocery — invoice 8062,INV8062,1010,CR
GL-000329,2026-07-08,3537.75,credit,Wasatch Produce Partners — check 4266,4266,1010,CD
GL-000341,2026-07-08,2332.45,debit,Cottonwood Catering — invoice 8619,INV8619,1010,CR
GL-000356,2026-07-08,6176.70,debit,Provo Provisions — invoice 8834,INV8834,1010,CR
GL-000367,2026-07-08,5414.90,debit,Granite Peak Foods — invoice 8921,INV8921,1010,CR
GL-000373,2026-07-08,5590.30,credit,Rocky Mountain Power — check 4283,4283,1010,CD
GL-000374,2026-07-08,4152.85,credit,Sundance Freight Lines — check 4284,4284,1010,CD
GL-000381,2026-07-08,1404.40,debit,Fremont Springs Water — remittance,,1010,CR
GL-000434,2026-07-08,2710.45,debit,Saltair Supper Club — invoice 8522,INV8522,1010,CR
GL-000435,2026-07-08,1250.85,debit,Provo Provisions — invoice 8504,INV8504,1010,CR
GL-000436,2026-07-08,2496.45,debit,Provo Provisions — invoice 8189,INV8189,1010,CR
GL-000455,2026-07-08,2580.75,debit,Snowbasin Catering — invoice 8915,INV8915,1010,CR
GL-000002,2026-07-09,7675.85,debit,Logan Canyon Cafe — invoice 8799,INV8799,1010,CR
GL-000006,2026-07-09,8533.85,credit,Trailhead Print Works — check 4113,4113,1010,CD
GL-000085,2026-07-09,336.40,credit,Cedar Mesa Spices — check 4158,4158,1010,CD
GL-000093,2026-07-09,5242.10,debit,Lakeside Grill — invoice 8629,INV8629,1010,CR
GL-000094,2026-07-09,5243.30,debit,Timpanogos Coffee — invoice 8639,INV8639,1010,CR
GL-000136,2026-07-09,1313.15,debit,Snowbasin Catering — invoice 8518,INV8518,1010,CR
GL-000137,2026-07-09,1313.15,debit,Heber Valley Foods — invoice 8295,INV8295,1010,CR
GL-000180,2026-07-09,2454.45,debit,Ogden Street Foods — invoice 8122,INV8122,1010,CR
GL-000186,2026-07-09,7776.75,debit,Copper Ridge Market — invoice 8504,INV8504,1010,CR
GL-000221,2026-07-09,1899.75,credit,Great Basin Insurance — check 4218,4218,1010,CD
GL-000248,2026-07-09,6041.45,credit,High Desert Dairy — check 4232,4232,1010,CD
GL-000290,2026-07-09,940.30,credit,Cedar Mesa Spices — check 4250,4250,1010,CD
GL-000299,2026-07-09,3240.90,debit,Provo Provisions — invoice 8676,INV8676,1010,CR
GL-000328,2026-07-09,2708.05,credit,Deseret Payroll Services — check 4265,4265,1010,CD
GL-000382,2026-07-09,3086.10,debit,Antelope Island Foods — remittance,,1010,CR
GL-000396,2026-07-09,2180.20,debit,Bearclaw Bakery — remittance,,1010,CR
GL-000419,2026-07-09,782.15,debit,Logan Canyon Cafe — remittance,,1010,CR
GL-000422,2026-07-09,2216.15,debit,Zion Cold Storage — remittance,,1010,CR
GL-000445,2026-07-09,2314.95,debit,Bonneville Bagels — invoice 8823,INV8823,1010,CR
GL-000456,2026-07-09,1518.15,debit,Heber Valley Foods — invoice 8096,INV8096,1010,CR
GL-000457,2026-07-09,536.55,debit,Snowbasin Catering — invoice 8879,INV8879,1010,CR
GL-000463,2026-07-09,4880.80,credit,Northgate Paper Supply — settlement,,1010,CD
GL-000001,2026-07-10,7208.60,debit,Alta Vista Bistro — invoice 8390,INV8390,1010,CR
GL-000038,2026-07-10,2890.00,credit,Northgate Paper Supply — check 4131,4131,1010,CD
GL-000039,2026-07-10,4193.75,debit,Redrock Provisions — invoice 8126,INV8126,1010,CR
GL-000064,2026-07-10,4798.20,credit,Cache Valley Creamery — check 4144,4144,1010,CD
GL-000065,2026-07-10,4798.20,credit,Alpine Equipment Repair — check 4145,4145,1010,CD
GL-000071,2026-07-10,348.25,credit,Sego Lily Cleaning — check 4149,4149,1010,CD
GL-000072,2026-07-10,6613.95,debit,Bonneville Bagels — invoice 8982,INV8982,1010,CR
GL-000088,2026-07-10,5410.80,debit,Bearclaw Bakery — invoice 8350,INV8350,1010,CR
GL-000089,2026-07-10,5410.80,credit,Dominguez Olive Oils — check 4160,4160,1010,CD
GL-000096,2026-07-10,1140.20,debit,Provo Provisions — invoice 8575,INV8575,1010,CR
GL-000140,2026-07-10,8586.40,credit,Deseret Payroll Services — check 4179,4179,1010,CD
GL-000191,2026-07-10,7650.55,debit,Bearclaw Bakery — invoice 8748,INV8748,1010,CR
GL-000194,2026-07-10,806.05,credit,Union Pacific Logistics — check 4206,4206,1010,CD
GL-000198,2026-07-10,6597.95,debit,Timpanogos Coffee — invoice 8544,INV8544,1010,CR
GL-000205,2026-07-10,16655.30,debit,Silver Fork Cafe — invoice 8948,INV8948,1010,CR
GL-000230,2026-07-10,5448.20,debit,Canyon Ridge Grocery — invoice 8998,INV8998,1010,CR
GL-000260,2026-07-10,6884.45,debit,Logan Canyon Cafe — invoice 8734,INV8734,1010,CR
GL-000309,2026-07-10,2058.60,debit,Heber Valley Foods — invoice 8323,INV8323,1010,CR
GL-000311,2026-07-10,2911.25,debit,Cottonwood Catering — invoice 8204,INV8204,1010,CR
GL-000326,2026-07-10,3272.45,debit,Provo Provisions — invoice 8213,INV8213,1010,CR
GL-000333,2026-07-10,6178.00,debit,Provo Provisions — invoice 8030,INV8030,1010,CR
GL-000343,2026-07-10,516.95,debit,Ogden Street Foods — invoice 8830,INV8830,1010,CR
GL-000345,2026-07-10,2245.95,credit,Dominguez Olive Oils — check 4272,4272,1010,CD
GL-000370,2026-07-10,6031.85,debit,Bearclaw Bakery — invoice 8276,INV8276,1010,CR
GL-000444,2026-07-10,2329.40,debit,Bearclaw Bakery — invoice 8762,INV8762,1010,CR
GL-000446,2026-07-10,2110.70,debit,Copper Ridge Market — invoice 8726,INV8726,1010,CR
GL-000447,2026-07-10,621.00,debit,Granite Peak Foods — invoice 8936,INV8936,1010,CR
GL-000109,2026-07-13,4765.30,debit,Copper Ridge Market — invoice 8043,INV8043,1010,CR
GL-000110,2026-07-13,4766.25,debit,Cottonwood Catering — invoice 8796,INV8796,1010,CR
GL-000139,2026-07-13,803.45,debit,Alta Vista Bistro — invoice 8134,INV8134,1010,CR
GL-000183,2026-07-13,17075.80,debit,Bonneville Bagels — invoice 8708,INV8708,1010,CR
GL-000220,2026-07-13,5026.70,debit,Logan Canyon Cafe — invoice 8980,INV8980,1010,CR
GL-000241,2026-07-13,5292.85,credit,Deseret Payroll Services — check 4227,4227,1010,CD
GL-000245,2026-07-13,414.40,credit,Cedar Mesa Spices — check 4230,4230,1010,CD
GL-000252,2026-07-13,5164.65,debit,Snowbasin Catering — invoice 8553,INV8553,1010,CR
GL-000269,2026-07-13,6024.20,credit,Deseret Payroll Services — check 4240,4240,1010,CD
GL-000270,2026-07-13,2847.95,credit,Beehive Packaging — check 4241,4241,1010,CD
GL-000277,2026-07-13,7781.65,debit,Silver Fork Cafe — invoice 8752,INV8752,1010,CR
GL-000300,2026-07-13,621.40,debit,Moab Trading Post — invoice 8697,INV8697,1010,CR
GL-000312,2026-07-13,3410.35,debit,Heber Valley Foods — invoice 8317,INV8317,1010,CR
GL-000325,2026-07-13,4730.70,debit,Granite Peak Foods — invoice 8669,INV8669,1010,CR
GL-000352,2026-07-13,7294.20,debit,Copper Ridge Market — invoice 8992,INV8992,1010,CR
GL-000371,2026-07-13,4557.20,debit,Provo Provisions — invoice 8759,INV8759,1010,CR
GL-000372,2026-07-13,4343.45,credit,Northgate Paper Supply — check 4282,4282,1010,CD
GL-000405,2026-07-13,479.45,debit,Redrock Provisions — remittance,,1010,CR
GL-000432,2026-07-13,1724.55,debit,Provo Provisions — invoice 8671,INV8671,1010,CR
GL-000467,2026-07-13,381.75,credit,Sego Lily Cleaning — settlement,,1010,CD
GL-000468,2026-07-13,1211.85,debit,Brighton Bistro — invoice 8313,INV8313,1010,CR
GL-000476,2026-07-13,573.95,debit,Cash clearing adjustment,,1010,GJ
GL-000008,2026-07-14,5204.20,debit,Juniper Table — invoice 8142,INV8142,1010,CR
GL-000012,2026-07-14,3839.50,credit,Great Basin Insurance — check 4116,4116,1010,CD
GL-000026,2026-07-14,1660.55,credit,Rocky Mountain Power — check 4124,4124,1010,CD
GL-000104,2026-07-14,3760.25,debit,Ogden Street Foods — invoice 8758,INV8758,1010,CR
GL-000123,2026-07-14,4348.65,credit,Trailhead Print Works — check 4170,4170,1010,CD
GL-000127,2026-07-14,4557.65,debit,Park City Market — invoice 8095,INV8095,1010,CR
GL-000128,2026-07-14,4557.05,credit,Sundance Freight Lines — check 4172,4172,1010,CD
GL-000131,2026-07-14,8522.20,credit,Rocky Mountain Power — check 4175,4175,1010,CD
GL-000138,2026-07-14,2907.20,credit,Beehive Packaging — check 4178,4178,1010,CD
GL-000147,2026-07-14,2549.55,debit,Moab Trading Post — invoice 8720,INV8720,1010,CR
GL-000204,2026-07-14,2760.90,debit,Cottonwood Catering — invoice 8527,INV8527,1010,CR
GL-000214,2026-07-14,3781.80,credit,Salt Flats Beverage — check 4215,4215,1010,CD
GL-000222,2026-07-14,2149.70,credit,Great Basin Insurance — check 4219,4219,1010,CD
GL-000272,2026-07-14,2364.70,credit,Weber Fleet Services — check 4242,4242,1010,CD
GL-000282,2026-07-14,306.65,debit,Emigration Kitchen — invoice 8523,INV8523,1010,CR
GL-000294,2026-07-14,7913.85,debit,Cottonwood Catering — invoice 8693,INV8693,1010,CR
GL-000314,2026-07-14,3820.50,debit,Park City Market — invoice 8413,INV8413,1010,CR
GL-000346,2026-07-14,7203.40,debit,Wasatch Deli Group — invoice 8793,INV8793,1010,CR
GL-000349,2026-07-14,3423.70,credit,Cedar Mesa Spices — check 4274,4274,1010,CD
GL-000384,2026-07-14,1269.00,debit,Fremont Springs Water — remittance,,1010,CR
GL-000394,2026-07-14,1262.05,debit,Bearclaw Bakery — remittance,,1010,CR
GL-000430,2026-07-14,2339.80,debit,Cottonwood Catering — invoice 8484,INV8484,1010,CR
GL-000431,2026-07-14,2483.75,debit,Lakeside Grill — invoice 8709,INV8709,1010,CR
GL-000433,2026-07-14,2191.15,debit,Silver Fork Cafe — invoice 8861,INV8861,1010,CR
GL-000439,2026-07-14,2180.85,debit,Silver Fork Cafe — invoice 8881,INV8881,1010,CR
GL-000440,2026-07-14,2788.25,debit,Timpanogos Coffee — invoice 8735,INV8735,1010,CR
GL-000469,2026-07-14,1211.85,debit,Brighton Bistro — invoice 8313,INV8313,1010,CR
GL-000472,2026-07-14,582.85,debit,Cottonwood Catering — invoice 8309,INV8309,1010,CR
GL-000005,2026-07-15,1325.75,debit,Heber Valley Foods — invoice 8412,INV8412,1010,CR
GL-000009,2026-07-15,7019.30,debit,Saltair Supper Club — invoice 8345,INV8345,1010,CR
GL-000063,2026-07-15,6483.10,credit,Trailhead Print Works — check 4143,4143,1010,CD
GL-000103,2026-07-15,2645.75,debit,Snowbasin Catering — invoice 8748,INV8748,1010,CR
GL-000118,2026-07-15,8032.50,debit,Silver Fork Cafe — invoice 8447,INV8447,1010,CR
GL-000119,2026-07-15,8032.85,debit,Heber Valley Foods — invoice 8964,INV8964,1010,CR
GL-000129,2026-07-15,5772.20,credit,Cache Valley Creamery — check 4173,4173,1010,CD
GL-000153,2026-07-15,6848.75,credit,Alpine Equipment Repair — check 4184,4184,1010,CD
GL-000158,2026-07-15,689.75,credit,Dominguez Olive Oils — check 4187,4187,1010,CD
GL-000160,2026-07-15,7826.15,credit,High Desert Dairy — check 4188,4188,1010,CD
GL-000161,2026-07-15,7826.15,credit,Union Pacific Logistics — check 4189,4189,1010,CD
GL-000170,2026-07-15,6944.85,debit,Ogden Street Foods — invoice 8587,INV8587,1010,CR
GL-000254,2026-07-15,2937.60,debit,Red Butte Diner — invoice 8731,INV8731,1010,CR
GL-000261,2026-07-15,4827.45,credit,Union Pacific Logistics — check 4237,4237,1010,CD
GL-000266,2026-07-15,2598.80,credit,Sundance Freight Lines — check 4238,4238,1010,CD
GL-000295,2026-07-15,1741.40,credit,Union Pacific Logistics — check 4253,4253,1010,CD
GL-000408,2026-07-15,5656.10,debit,Bearclaw Bakery — remittance,,1010,CR
GL-000414,2026-07-15,2211.85,debit,Beehive Packaging — remittance,,1010,CR
GL-000437,2026-07-15,930.00,debit,Timpanogos Coffee — invoice 8170,INV8170,1010,CR
GL-000438,2026-07-15,2138.95,debit,Moab Trading Post — invoice 8384,INV8384,1010,CR
GL-000458,2026-07-15,6673.10,credit,Union Pacific Logistics — settlement,,1010,CD
GL-000461,2026-07-15,4955.75,credit,Zion Cold Storage — settlement,,1010,CD
GL-000470,2026-07-15,1057.25,debit,Timpanogos Coffee — invoice 8184,INV8184,1010,CR
GL-000473,2026-07-15,582.85,debit,Cottonwood Catering — invoice 8309,INV8309,1010,CR
GL-000011,2026-07-16,21275.90,credit,Great Basin Insurance — check 4115,4115,1010,CD
GL-000028,2026-07-16,4999.35,credit,Zion Cold Storage — check 4125,4125,1010,CD
GL-000052,2026-07-16,6353.35,credit,Salt Flats Beverage — check 4137,4137,1010,CD
GL-000053,2026-07-16,6353.35,credit,Wasatch Produce Partners — check 4138,4138,1010,CD
GL-000080,2026-07-16,969.85,credit,Deseret Payroll Services — check 4154,4154,1010,CD
GL-000150,2026-07-16,3412.50,debit,Bearclaw Bakery — invoice 8082,INV8082,1010,CR
GL-000163,2026-07-16,3965.25,credit,Union Pacific Logistics — check 4191,4191,1010,CD
GL-000164,2026-07-16,3965.60,credit,Sego Lily Cleaning — check 4192,4192,1010,CD
GL-000237,2026-07-16,862.60,debit,Redrock Provisions — invoice 8499,INV8499,1010,CR
GL-000244,2026-07-16,5728.10,debit,Juniper Table — invoice 8664,INV8664,1010,CR
GL-000253,2026-07-16,6300.60,credit,Zion Cold Storage — check 4234,4234,1010,CD
GL-000275,2026-07-16,8013.80,debit,Ogden Street Foods — invoice 8222,INV8222,1010,CR
GL-000292,2026-07-16,2437.20,debit,Copper Ridge Market — invoice 8368,INV8368,1010,CR
GL-000297,2026-07-16,2655.45,debit,Heber Valley Foods — invoice 8088,INV8088,1010,CR
GL-000315,2026-07-16,7036.00,credit,Sundance Freight Lines — check 4261,4261,1010,CD
GL-000319,2026-07-16,398.45,credit,Sego Lily Cleaning — check 4263,4263,1010,CD
GL-000347,2026-07-16,5192.15,credit,Union Pacific Logistics — check 4273,4273,1010,CD
GL-000365,2026-07-16,3721.40,credit,Alpine Equipment Repair — check 4280,4280,1010,CD
GL-000375,2026-07-16,6820.60,debit,Ogden Street Foods — invoice 8194,INV8194,1010,CR
GL-000376,2026-07-16,4818.80,debit,Alta Vista Bistro — invoice 8672,INV8672,1010,CR
GL-000387,2026-07-16,6006.75,debit,Fremont Springs Water — remittance,,1010,CR
GL-000411,2026-07-16,3702.30,debit,Wasatch Produce Partners — remittance,,1010,CR
GL-000471,2026-07-16,1057.25,debit,Timpanogos Coffee — invoice 8184,INV8184,1010,CR
GL-000035,2026-07-17,3171.75,debit,Canyon Ridge Grocery — invoice 8935,INV8935,1010,CR
GL-000060,2026-07-17,7938.65,debit,Provo Provisions — invoice 8666,INV8666,1010,CR
GL-000075,2026-07-17,8033.30,debit,Brighton Bistro — invoice 8529,INV8529,1010,CR
GL-000078,2026-07-17,6323.60,credit,Dominguez Olive Oils — check 4152,4152,1010,CD
GL-000087,2026-07-17,7675.10,credit,Deseret Payroll Services — check 4159,4159,1010,CD
GL-000090,2026-07-17,7868.05,debit,Canyon Ridge Grocery — invoice 8027,INV8027,1010,CR
GL-000122,2026-07-17,1396.55,debit,Copper Ridge Market — invoice 8387,INV8387,1010,CR
GL-000133,2026-07-17,1325.20,debit,Timpanogos Coffee — invoice 8637,INV8637,1010,CR
GL-000145,2026-07-17,8409.50,debit,Alta Vista Bistro — invoice 8813,INV8813,1010,CR
GL-000146,2026-07-17,8408.55,credit,Wasatch Produce Partners — check 4181,4181,1010,CD
GL-000152,2026-07-17,224.05,debit,Wasatch Deli Group — invoice 8855,INV8855,1010,CR
GL-000175,2026-07-17,3948.15,debit,Ogden Street Foods — invoice 8665,INV8665,1010,CR
GL-000187,2026-07-17,4236.90,credit,Great Basin Insurance — check 4202,4202,1010,CD
GL-000287,2026-07-17,7956.25,credit,Cache Valley Creamery — check 4248,4248,1010,CD
GL-000322,2026-07-17,3986.65,debit,Cottonwood Catering — invoice 8999,INV8999,1010,CR
GL-000331,2026-07-17,7443.20,debit,Logan Canyon Cafe — invoice 8686,INV8686,1010,CR
GL-000344,2026-07-17,6047.10,credit,Cache Valley Creamery — check 4271,4271,1010,CD
GL-000392,2026-07-17,4098.45,debit,Salt Flats Beverage — remittance,,1010,CR
GL-000393,2026-07-17,1416.30,debit,Logan Canyon Cafe — remittance,,1010,CR
GL-000403,2026-07-17,2114.85,debit,Weber Fleet Services — remittance,,1010,CR
GL-000452,2026-07-17,1976.65,debit,Provo Provisions — invoice 8964,INV8964,1010,CR
GL-000453,2026-07-17,1684.10,debit,Park City Market — invoice 8039,INV8039,1010,CR
GL-000454,2026-07-17,1479.30,debit,Cottonwood Catering — invoice 8553,INV8553,1010,CR
GL-000460,2026-07-17,7023.30,credit,Great Basin Insurance — settlement,,1010,CD
GL-000013,2026-07-20,2522.85,debit,Copper Ridge Market — invoice 8979,INV8979,1010,CR
GL-000097,2026-07-20,1351.60,credit,Alpine Equipment Repair — check 4162,4162,1010,CD
GL-000130,2026-07-20,3831.75,credit,Northgate Paper Supply — check 4174,4174,1010,CD
GL-000179,2026-07-20,6818.45,debit,Lakeside Grill — invoice 8159,INV8159,1010,CR
GL-000193,2026-07-20,8598.60,debit,Brighton Bistro — invoice 8945,INV8945,1010,CR
GL-000228,2026-07-20,840.95,debit,Provo Provisions — invoice 8117,INV8117,1010,CR
GL-000265,2026-07-20,336.50,debit,Park City Market — invoice 8605,INV8605,1010,CR
GL-000268,2026-07-20,3887.90,credit,Deseret Payroll Services — check 4239,4239,1010,CD
GL-000288,2026-07-20,2428.60,debit,Snowbasin Catering — invoice 8925,INV8925,1010,CR
GL-000334,2026-07-20,6533.75,credit,Union Pacific Logistics — check 4268,4268,1010,CD
GL-000359,2026-07-20,2267.50,debit,Saltair Supper Club — invoice 8495,INV8495,1010,CR
GL-000362,2026-07-20,1919.70,credit,Cedar Mesa Spices — check 4277,4277,1010,CD
GL-000379,2026-07-20,3192.90,debit,Antelope Island Foods — remittance,,1010,CR
GL-000400,2026-07-20,1032.20,debit,Heber Valley Foods — remittance,,1010,CR
GL-000413,2026-07-20,3387.05,debit,Alpine Equipment Repair — remittance,,1010,CR
GL-000416,2026-07-20,1413.45,debit,Northgate Paper Supply — remittance,,1010,CR
GL-000418,2026-07-20,1638.25,debit,Provo Provisions — remittance,,1010,CR
GL-000451,2026-07-20,795.95,debit,Brighton Bistro — invoice 8846,INV8846,1010,CR
GL-000459,2026-07-20,3163.80,credit,Deseret Payroll Services — settlement,,1010,CD
GL-000474,2026-07-20,1356.90,debit,Suspense entry pending research,,1010,GJ
GL-000475,2026-07-20,1185.10,credit,Reclass from prior month accrual,,1010,GJ
GL-000477,2026-07-20,1411.90,credit,Unidentified customer remittance,,1010,GJ
GL-000073,2026-07-21,8510.60,credit,Deseret Payroll Services — check 4150,4150,1010,CD
GL-000074,2026-07-21,8510.25,credit,Zion Cold Storage — check 4151,4151,1010,CD
GL-000108,2026-07-21,2547.80,credit,Northgate Paper Supply — check 4166,4166,1010,CD
GL-000200,2026-07-21,5301.30,debit,Provo Provisions — invoice 8416,INV8416,1010,CR
GL-000215,2026-07-21,7973.70,debit,Ogden Street Foods — invoice 8329,INV8329,1010,CR
GL-000263,2026-07-21,8407.80,debit,Emigration Kitchen — invoice 8857,INV8857,1010,CR
GL-000273,2026-07-21,416.00,credit,Alpine Equipment Repair — check 4243,4243,1010,CD
GL-000305,2026-07-21,3571.25,credit,High Desert Dairy — check 4258,4258,1010,CD
GL-000335,2026-07-21,6731.15,debit,Wasatch Deli Group — invoice 8351,INV8351,1010,CR
GL-000353,2026-07-21,7380.75,debit,Saltair Supper Club — invoice 8750,INV8750,1010,CR
GL-000188,2026-07-22,8053.60,credit,Deseret Payroll Services — check 4203,4203,1010,CD
GL-000203,2026-07-22,4571.75,credit,Alpine Equipment Repair — check 4209,4209,1010,CD
GL-000209,2026-07-22,3169.55,credit,Weber Fleet Services — check 4213,4213,1010,CD
GL-000240,2026-07-22,771.75,credit,Alpine Equipment Repair — check 4226,4226,1010,CD
GL-000243,2026-07-22,1508.60,credit,Union Pacific Logistics — check 4229,4229,1010,CD
GL-000247,2026-07-22,7575.70,credit,Wasatch Produce Partners — check 4231,4231,1010,CD
GL-000327,2026-07-22,7083.90,debit,Park City Market — invoice 8843,INV8843,1010,CR
GL-000330,2026-07-22,7627.05,credit,Alpine Equipment Repair — check 4267,4267,1010,CD
GL-000420,2026-07-22,6245.30,debit,Alta Vista Bistro — remittance,,1010,CR
GL-000007,2026-07-23,3889.25,debit,Juniper Table — invoice 8745,INV8745,1010,CR
GL-000030,2026-07-23,5246.55,credit,Wasatch Produce Partners — check 4127,4127,1010,CD
GL-000057,2026-07-23,7413.80,credit,Alpine Equipment Repair — check 4140,4140,1010,CD
GL-000062,2026-07-23,4761.70,debit,Redrock Provisions — invoice 8116,INV8116,1010,CR
GL-000105,2026-07-23,1518.80,credit,High Desert Dairy — check 4164,4164,1010,CD
GL-000132,2026-07-23,2167.10,credit,Union Pacific Logistics — check 4176,4176,1010,CD
GL-000181,2026-07-23,588.65,debit,Logan Canyon Cafe — invoice 8587,INV8587,1010,CR
GL-000219,2026-07-23,5178.05,credit,Beehive Packaging — check 4217,4217,1010,CD
GL-000280,2026-07-23,4552.55,credit,Weber Fleet Services — check 4244,4244,1010,CD
GL-000301,2026-07-23,1305.25,credit,Great Basin Insurance — check 4256,4256,1010,CD
GL-000316,2026-07-23,1678.30,credit,Northgate Paper Supply — check 4262,4262,1010,CD
GL-000358,2026-07-23,1477.00,credit,Union Pacific Logistics — check 4276,4276,1010,CD
GL-000385,2026-07-23,6268.55,debit,Antelope Island Foods — remittance,,1010,CR
GL-000417,2026-07-23,218.30,debit,Rocky Mountain Power — remittance,,1010,CR
GL-000421,2026-07-23,4028.55,debit,Wasatch Deli Group — remittance,,1010,CR
GL-000464,2026-07-23,7578.20,credit,Salt Flats Beverage — settlement,,1010,CD
GL-000020,2026-07-24,5008.35,credit,Dominguez Olive Oils — check 4120,4120,1010,CD
GL-000032,2026-07-24,7717.00,debit,Park City Market — invoice 8303,INV8303,1010,CR
GL-000091,2026-07-24,5342.25,credit,Wasatch Produce Partners — check 4161,4161,1010,CD
GL-000092,2026-07-24,5341.90,debit,Redrock Provisions — invoice 8653,INV8653,1010,CR
GL-000100,2026-07-24,7012.60,debit,Moab Trading Post — invoice 8703,INV8703,1010,CR
GL-000101,2026-07-24,7012.60,debit,Provo Provisions — invoice 8561,INV8561,1010,CR
GL-000121,2026-07-24,6895.95,credit,High Desert Dairy — check 4169,4169,1010,CD
GL-000134,2026-07-24,3560.25,credit,Rocky Mountain Power — check 4177,4177,1010,CD
GL-000151,2026-07-24,4062.85,debit,Heber Valley Foods — invoice 8794,INV8794,1010,CR
GL-000154,2026-07-24,3464.90,debit,Copper Ridge Market — invoice 8619,INV8619,1010,CR
GL-000155,2026-07-24,3465.50,debit,Ogden Street Foods — invoice 8596,INV8596,1010,CR
GL-000169,2026-07-24,2489.45,debit,Park City Market — invoice 8846,INV8846,1010,CR
GL-000196,2026-07-24,1304.20,debit,Timpanogos Coffee — invoice 8641,INV8641,1010,CR
GL-000197,2026-07-24,6584.15,debit,Park City Market — invoice 8712,INV8712,1010,CR
GL-000278,2026-07-24,2384.25,debit,Granite Peak Foods — invoice 8820,INV8820,1010,CR
GL-000308,2026-07-24,4313.00,credit,Great Basin Insurance — check 4260,4260,1010,CD
GL-000317,2026-07-24,5107.25,debit,Redrock Provisions — invoice 8501,INV8501,1010,CR
GL-000318,2026-07-24,556.40,debit,Timpanogos Coffee — invoice 8521,INV8521,1010,CR
GL-000339,2026-07-24,1500.15,debit,Cottonwood Catering — invoice 8159,INV8159,1010,CR
GL-000366,2026-07-24,4332.75,debit,Red Butte Diner — invoice 8911,INV8911,1010,CR
GL-000389,2026-07-24,4293.30,debit,Alta Vista Bistro — remittance,,1010,CR
GL-000404,2026-07-24,4298.30,debit,Weber Fleet Services — remittance,,1010,CR
GL-000407,2026-07-24,1700.00,debit,Beehive Packaging — remittance,,1010,CR
GL-000479,2026-07-24,3245.10,credit,Great Basin Insurance — check 4286,4286,1010,CD
GL-000484,2026-07-24,3091.15,credit,Trailhead Print Works — check 4291,4291,1010,CD
GL-000490,2026-07-24,538.05,credit,Weber Fleet Services — check 4297,4297,1010,CD
GL-000058,2026-07-27,2004.15,credit,Deseret Payroll Services — check 4141,4141,1010,CD
GL-000076,2026-07-27,8230.30,debit,Ogden Street Foods — invoice 8982,INV8982,1010,CR
GL-000077,2026-07-27,8230.30,debit,Alta Vista Bistro — invoice 8627,INV8627,1010,CR
GL-000148,2026-07-27,6875.10,credit,Northgate Paper Supply — check 4182,4182,1010,CD
GL-000149,2026-07-27,6875.10,credit,Cache Valley Creamery — check 4183,4183,1010,CD
GL-000157,2026-07-27,3177.40,credit,Northgate Paper Supply — check 4186,4186,1010,CD
GL-000159,2026-07-27,1849.10,debit,Lakeside Grill — invoice 8177,INV8177,1010,CR
GL-000165,2026-07-27,8231.45,credit,Great Basin Insurance — check 4193,4193,1010,CD
GL-000171,2026-07-27,917.85,debit,Silver Fork Cafe — invoice 8391,INV8391,1010,CR
GL-000184,2026-07-27,2853.90,credit,Trailhead Print Works — check 4201,4201,1010,CD
GL-000207,2026-07-27,1210.30,credit,Wasatch Produce Partners — check 4211,4211,1010,CD
GL-000226,2026-07-27,4936.25,debit,Bearclaw Bakery — invoice 8937,INV8937,1010,CR
GL-000289,2026-07-27,6648.70,credit,Alpine Equipment Repair — check 4249,4249,1010,CD
GL-000323,2026-07-27,3052.90,debit,Red Butte Diner — invoice 8811,INV8811,1010,CR
GL-000348,2026-07-27,748.70,debit,Cottonwood Catering — invoice 8792,INV8792,1010,CR
GL-000354,2026-07-27,4439.50,debit,Silver Fork Cafe — invoice 8207,INV8207,1010,CR
GL-000361,2026-07-27,4294.80,debit,Provo Provisions — invoice 8368,INV8368,1010,CR
GL-000363,2026-07-27,5770.50,credit,Deseret Payroll Services — check 4278,4278,1010,CD
GL-000441,2026-07-27,2497.45,debit,Cottonwood Catering — invoice 8782,INV8782,1010,CR
GL-000442,2026-07-27,1059.10,debit,Cottonwood Catering — invoice 8732,INV8732,1010,CR
GL-000443,2026-07-27,1177.75,debit,Heber Valley Foods — invoice 8702,INV8702,1010,CR
GL-000478,2026-07-27,3361.30,credit,Sundance Freight Lines — check 4285,4285,1010,CD
GL-000481,2026-07-27,306.55,credit,Cedar Mesa Spices — check 4288,4288,1010,CD
GL-000483,2026-07-27,5326.05,credit,Sundance Freight Lines — check 4290,4290,1010,CD
GL-000485,2026-07-27,1303.90,credit,Wasatch Produce Partners — check 4292,4292,1010,CD
GL-000003,2026-07-28,280.15,credit,Wasatch Produce Partners — check 4112,4112,1010,CD
GL-000023,2026-07-28,20428.05,debit,Red Butte Diner — invoice 8549,INV8549,1010,CR
GL-000079,2026-07-28,1246.90,credit,Trailhead Print Works — check 4153,4153,1010,CD
GL-000114,2026-07-28,3053.55,debit,Heber Valley Foods — invoice 8137,INV8137,1010,CR
GL-000189,2026-07-28,8545.35,credit,Rocky Mountain Power — check 4204,4204,1010,CD
GL-000199,2026-07-28,2319.40,debit,Moab Trading Post — invoice 8654,INV8654,1010,CR
GL-000211,2026-07-28,5214.45,debit,Juniper Table — invoice 8037,INV8037,1010,CR
GL-000213,2026-07-28,4921.80,debit,Bonneville Bagels — invoice 8593,INV8593,1010,CR
GL-000217,2026-07-28,2549.10,debit,Snowbasin Catering — invoice 8266,INV8266,1010,CR
GL-000224,2026-07-28,2459.25,debit,Copper Ridge Market — invoice 8916,INV8916,1010,CR
GL-000251,2026-07-28,5272.90,credit,Wasatch Produce Partners — check 4233,4233,1010,CD
GL-000258,2026-07-28,527.75,credit,Northgate Paper Supply — check 4235,4235,1010,CD
GL-000259,2026-07-28,3955.70,credit,High Desert Dairy — check 4236,4236,1010,CD
GL-000274,2026-07-28,6587.35,debit,Lakeside Grill — invoice 8260,INV8260,1010,CR
GL-000303,2026-07-28,4879.50,credit,Rocky Mountain Power — check 4257,4257,1010,CD
GL-000321,2026-07-28,7411.95,debit,Bonneville Bagels — invoice 8446,INV8446,1010,CR
GL-000342,2026-07-28,3266.95,debit,Wasatch Deli Group — invoice 8015,INV8015,1010,CR
GL-000360,2026-07-28,6873.45,debit,Cottonwood Catering — invoice 8432,INV8432,1010,CR
GL-000388,2026-07-28,1596.15,debit,Copper Ridge Market — remittance,,1010,CR
GL-000488,2026-07-28,3698.50,credit,Zion Cold Storage — check 4295,4295,1010,CD
GL-000489,2026-07-28,2117.40,credit,Northgate Paper Supply — check 4296,4296,1010,CD
GL-000495,2026-07-28,618.45,credit,Great Basin Insurance — check 4302,4302,1010,CD
GL-000010,2026-07-29,8310.70,credit,Cache Valley Creamery — check 4114,4114,1010,CD
GL-000019,2026-07-29,5860.85,debit,Cottonwood Catering — invoice 8110,INV8110,1010,CR
GL-000048,2026-07-29,872.60,credit,Trailhead Print Works — check 4134,4134,1010,CD
GL-000081,2026-07-29,4261.00,credit,Great Basin Insurance — check 4155,4155,1010,CD
GL-000107,2026-07-29,2887.75,credit,Salt Flats Beverage — check 4165,4165,1010,CD
GL-000112,2026-07-29,3936.80,debit,Juniper Table — invoice 8674,INV8674,1010,CR
GL-000113,2026-07-29,3936.80,debit,Bearclaw Bakery — invoice 8846,INV8846,1010,CR
GL-000115,2026-07-29,5875.25,credit,Cedar Mesa Spices — check 4167,4167,1010,CD
GL-000212,2026-07-29,2615.50,credit,Wasatch Produce Partners — check 4214,4214,1010,CD
GL-000225,2026-07-29,7746.70,credit,Cedar Mesa Spices — check 4221,4221,1010,CD
GL-000242,2026-07-29,3401.60,credit,Weber Fleet Services — check 4228,4228,1010,CD
GL-000271,2026-07-29,4431.20,debit,Lakeside Grill — invoice 8371,INV8371,1010,CR
GL-000286,2026-07-29,7103.65,debit,Granite Peak Foods — invoice 8759,INV8759,1010,CR
GL-000293,2026-07-29,8591.50,credit,Sundance Freight Lines — check 4252,4252,1010,CD
GL-000466,2026-07-29,1353.70,credit,Rocky Mountain Power — settlement,,1010,CD
GL-000480,2026-07-29,297.25,credit,Rocky Mountain Power — check 4287,4287,1010,CD
GL-000486,2026-07-29,2656.80,credit,Salt Flats Beverage — check 4293,4293,1010,CD
GL-000491,2026-07-29,2742.05,credit,Alpine Equipment Repair — check 4298,4298,1010,CD
GL-000493,2026-07-29,1910.50,credit,Deseret Payroll Services — check 4300,4300,1010,CD
GL-000494,2026-07-29,544.60,credit,Beehive Packaging — check 4301,4301,1010,CD
GL-000497,2026-07-29,8732.60,debit,Silver Fork Cafe — deposit DEP72223,DEP72223,1010,CR
GL-000499,2026-07-29,6603.40,debit,Logan Canyon Cafe — deposit DEP30690,DEP30690,1010,CR
GL-000501,2026-07-29,4666.00,debit,Wasatch Deli Group — deposit DEP64844,DEP64844,1010,CR
GL-000015,2026-07-30,433.60,credit,Beehive Packaging — check 4118,4118,1010,CD
GL-000059,2026-07-30,3569.90,debit,Moab Trading Post — invoice 8309,INV8309,1010,CR
GL-000066,2026-07-30,597.95,debit,Silver Fork Cafe — invoice 8476,INV8476,1010,CR
GL-000176,2026-07-30,1848.75,credit,Weber Fleet Services — check 4198,4198,1010,CD
GL-000190,2026-07-30,7558.35,debit,Timpanogos Coffee — invoice 8750,INV8750,1010,CR
GL-000206,2026-07-30,1220.85,credit,Cedar Mesa Spices — check 4210,4210,1010,CD
GL-000257,2026-07-30,2766.25,debit,Emigration Kitchen — invoice 8809,INV8809,1010,CR
GL-000397,2026-07-30,1482.80,debit,Emigration Kitchen — remittance,,1010,CR
GL-000492,2026-07-30,3295.55,credit,Cache Valley Creamery — check 4299,4299,1010,CD
GL-000496,2026-07-30,3516.05,debit,Canyon Ridge Grocery — deposit DEP55997,DEP55997,1010,CR
GL-000502,2026-07-30,8182.55,debit,Red Butte Diner — deposit DEP35007,DEP35007,1010,CR
GL-000014,2026-07-31,3559.40,credit,Sego Lily Cleaning — check 4117,4117,1010,CD
GL-000016,2026-07-31,6957.75,debit,Snowbasin Catering — invoice 8391,INV8391,1010,CR
GL-000018,2026-07-31,11274.50,debit,Red Butte Diner — invoice 8327,INV8327,1010,CR
GL-000055,2026-07-31,6243.15,credit,Dominguez Olive Oils — check 4139,4139,1010,CD
GL-000056,2026-07-31,6243.50,debit,Heber Valley Foods — invoice 8909,INV8909,1010,CR
GL-000095,2026-07-31,569.45,debit,Bearclaw Bakery — invoice 8601,INV8601,1010,CR
GL-000168,2026-07-31,1293.85,credit,Zion Cold Storage — check 4195,4195,1010,CD
GL-000201,2026-07-31,5729.60,debit,Moab Trading Post — invoice 8466,INV8466,1010,CR
GL-000210,2026-07-31,202.55,debit,Lakeside Grill — invoice 8035,INV8035,1010,CR
GL-000229,2026-07-31,2633.15,debit,Cottonwood Catering — invoice 8598,INV8598,1010,CR
GL-000236,2026-07-31,4130.55,credit,Salt Flats Beverage — check 4225,4225,1010,CD
GL-000249,2026-07-31,6596.70,debit,Alta Vista Bistro — invoice 8516,INV8516,1010,CR
GL-000250,2026-07-31,8049.50,debit,Bearclaw Bakery — invoice 8979,INV8979,1010,CR
GL-000262,2026-07-31,1992.50,debit,Bearclaw Bakery — invoice 8725,INV8725,1010,CR
GL-000276,2026-07-31,5441.15,debit,Bonneville Bagels — invoice 8885,INV8885,1010,CR
GL-000284,2026-07-31,7270.50,credit,Sundance Freight Lines — check 4246,4246,1010,CD
GL-000386,2026-07-31,5333.35,debit,Kanab Creek Supply — remittance,,1010,CR
GL-000415,2026-07-31,2230.20,debit,Cedar Mesa Spices — remittance,,1010,CR
GL-000482,2026-07-31,2425.35,credit,Salt Flats Beverage — check 4289,4289,1010,CD
GL-000487,2026-07-31,304.45,credit,Trailhead Print Works — check 4294,4294,1010,CD
GL-000498,2026-07-31,7195.85,debit,Heber Valley Foods — deposit DEP35072,DEP35072,1010,CR
GL-000500,2026-07-31,4413.95,debit,Cottonwood Catering — deposit DEP25157,DEP25157,1010,CR
